what,id,detail,what would settle it
name to check,dell-alienware-16-aurora-ac16250-16gb-rtx-5050,Dell Alienware 16 Aurora-AC16250(16GB/RTX 5050),the name carries far too long — what should it be called?
name to check,dell-alienware-16-aurora-ac16250-16gb-rtx-5060,Dell Alienware 16 Aurora-AC16250(16GB/ RTX 5060),the name carries far too long — what should it be called?
name to check,dyson-hs08-multi-and-dryer-straightpluswavy-strawberry-bronze-blush,Dyson HS08 Airwrap Multi- and dryer Straight+Wavy Strawberry Bronze/Blush Pink,the name carries far too long — what should it be called?
name to check,dyson-hs08-multi-and-dryer-straightpluswavy-velvet-gold,Dyson HS08 Airwrap Multi- and dryer Straight+Wavy Red Velvet/Gold,the name carries far too long — what should it be called?
name to check,dyson-hs08-multi-and-dryer-curlypluscoily-vinca-blue-topaz,Dyson HS08 Airwrap Multi- and dryer Curly+Coily Vinca Blue/Topaz,the name carries far too long — what should it be called?
name to check,dyson-hs05-multi-short-and-coarse-blue-rich,Dyson HS05 Airwrap multi- Short and Coarse Prussian Blue/Rich Copper,the name carries far too long — what should it be called?
name to check,dyson-hs05-multi-complete-long-blue-topaz,Dyson HS05 Airwrap Multi- Complete Long Prussian Blue/Topaz,the name carries far too long — what should it be called?
name to check,dyson-hs05-multi-complete-long-fuchisa-nickel,Dyson HS05 Airwrap multi- Complete Long Fuchisa/Nickel,the name carries far too long — what should it be called?
name to check,dyson-hs08-id-multi-ceramic-patina-topaz,Dyson HS08 Airwrap ID Multi- Ceramic Patina/Topaz,the name carries far too long — what should it be called?
name to check,dyson-hd16-nural-strawberry-bronze-blush,Dyson Dyson HD16 Supersonic Nural Strawberry Bronze/Blush Pink,the name carries far too long — what should it be called?
name to check,dyson-ht01-airstrait-straightener-plum,Dyson Dyson HT01 Airstrait Straightener Jasper Plum,the name carries far too long — what should it be called?
name to check,dyson-ht01-airstrait-straightener-ceramic,Dyson Dyson HT01 Airstrait Straightener Ceramic Pink,the name carries far too long — what should it be called?
name to check,dyson-ht01-airstrait-straightener-velvet-gold,Dyson Dyson HT01 Airstrait Straightener Red Velvet/Gold,the name carries far too long — what should it be called?
name to check,dyson-ht01-airstrait-straightener-strawberry-bronze-blush,Dyson Dyson HT01 Airstrait Straightener Strawberry Bronze/Blush Pink,the name carries far too long — what should it be called?
name to check,dyson-hs05-multi-complete-long-blue-copper,Dyson HS05 Airwrap Multi- Complete Long Prussian Blue/Copper,the name carries far too long — what should it be called?
name to check,dyson-hs05-multi-complete-long-strawberry-bronze-pink,Dyson HS05 Airwrap Multi- Complete Long Strawberry Bronze/Pink,the name carries far too long — what should it be called?
name to check,dyson-hs05-multi-complete-long-gold-onyx,Dyson HS05 Airwrap Multi- Complete Long Gold/Onyx Black,the name carries far too long — what should it be called?
name to check,dyson-er-hd07,Dyson Dyson Supersonic Hair Dryer HD07 (Iron Fuchsia),the name carries far too long — what should it be called?
name to check,dyson-ht01-airstrait-straightener-blue-rich,Dyson Dyson HT01 Airstrait Straightener Prussian Blue/Rich Copper,the name carries far too long — what should it be called?
name to check,dyson-ht01-airstrait-straightener-nickel-copper,Dyson HT01 Airstrait™ Straightener Nickel/Copper,the name carries a trademark sign — what should it be called?
name to check,dyson-hd16-nural-ceramic-patina-topaz,Dyson Dyson HD16 Supersonic Nural Ceramic Patina/Topaz,the name carries far too long — what should it be called?
name to check,dyson-hd15-er-black-onyx,Dyson Dyson HD15 Supersonic Hair Dryer Black/Onyx Gold,the name carries far too long — what should it be called?
name to check,dyson-hd15-er-nickel-copper,Dyson Dyson HD15 Supersonic Hair Dryer Nickel/Copper,the name carries far too long — what should it be called?
name to check,acer-aspire-lite-all15-36p-c0m7-n150-nx-de1aa-001,Acer Aspire Lite AlL15-36P-C0M7 N150  NX.DE1AA.001,the name carries far too long — what should it be called?
name to check,asus-vivobook-15-core-3-100u-x1504vap-c38128-w11,ASUS Vivobook 15  Core 3-100U  X1504VAP-C38128  W11,the name carries far too long — what should it be called?
name to check,lenovo-ideapad-slim-3-15-6-w11-abyss-bl-82xq012hus,Lenovo IdeaPad Slim 3  15.6”  W11  Abyss Bl 82XQ012HUS,the name carries far too long — what should it be called?
name to check,lenovo-ideapad-slim-3-ryzen-7-8840hs-83ka000qus-touch-bklit-w11,Lenovo IdeaPad Slim 3  Ryzen 7-8840HS  83KA000QUS Touch  Bklit  W11,the name carries far too long — what should it be called?
name to check,asus-vivobook-16-amd-ryzen-7-7730u-90nb10r1-m00ch0-w11,ASUS Vivobook 16  AMD Ryzen 7-7730U  90NB10R1-M00CH0  W11,the name carries far too long — what should it be called?
name to check,lenovo-thinkpad-e16-g3-16-core-5-210h-21tf004rfw,Lenovo ThinkPad E16 G3 16" Core 5-210H /21TF004RFW,the name carries far too long — what should it be called?
name to check,lenovo-thinkpad-t16-g4-16-ultra-7-255u-21qe0066fw,Lenovo ThinkPad T16 G4 16" Ultra 7-255U /21QE0066FW,the name carries far too long — what should it be called?
name to check,hp-elitebook-8-flip-g1i-13-3-ultra-5-225u-w11p-a37fyet,HP EliteBook 8 Flip G1i 13.3" Ultra 5-225U W11P /A37FYET,the name carries far too long — what should it be called?
name to check,hp-omnibook-5-16-ultra-5-225u-16-1-bm0q2ea,HP OmniBook 5 16" Ultra 5-225U 16/1 /BM0Q2EA,the name carries far too long — what should it be called?
name to check,hp-omnibook-5-16-ultra-7-255u-16-1-bk9y8ea,HP OmniBook 5 16" Ultra 7-255U 16/1 /BK9Y8EA,the name carries far too long — what should it be called?
name to check,honor-magicbook-pro-16-ultra-5-125h-24-1-w11h-5301ajjg,Honor MagicBook Pro 16" Ultra 5-125H 24/1 W11H /5301AJJG,the name carries far too long — what should it be called?
name to check,honor-magicbook-pro-16-ultra-5-125h-24-1-w11h-5301ajje,Honor MagicBook Pro 16" Ultra 5-125H 24/1 W11H /5301AJJE,the name carries far too long — what should it be called?
name to check,asus-rog-strix-g16-16-i9-14900hx-16-1-4060-w11-g614jvr-es94,ASUS ROG STRIX G16 16" i9-14900HX 16/1 4060 W11 /G614JVR-ES94*,the name carries far too long — what should it be called?
name to check,asus-vivobook-s-15-6-i9-13900h-16-1-camo-w11-k5504va-pb99-sl,ASUS Vivobook S 15.6" i9-13900H 16/1 CAMO W11 /K5504VA-PB99-SL*,the name carries far too long — what should it be called?
name to check,asus-vivobook-s-15-6-i9-13900h-16-1-camo-w11-k5504va-pb99-gr,ASUS Vivobook S 15.6" i9-13900H 16/1 CAMO W11 /K5504VA-PB99-GR*,the name carries far too long — what should it be called?
name to check,hp-envy-16-i9-13900h-16-1-4060-w11-7z0p3ua-aba,HP ENVY 16 i9-13900H 16/1 4060 W11 /7Z0P3UA#ABA*,the name carries far too long — what should it be called?
name to check,apple-ultra-2-49mm-titaniumplusdark-alpine-loop-l-mx4t3,Apple Ultra 2 49mm Titanium+Dark Alpine Loop L /MX4T3*,the name carries far too long — what should it be called?
name to check,apple-studio-display-2026-standard-glass-tilt-adjustable-stand-mfex4,Apple Studio Display 2026 -Standard glass - Tilt-adjustable stand /MFEX4,the name carries far too long — what should it be called?
name to check,apple-studio-display-xdr-2026-tilt-height-adjustable-mfel4,Apple Studio Display XDR 2026 Tilt-Height adjustable /MFEL4*,the name carries far too long — what should it be called?
name to check,garmin-cirqa-smart-band-mauve-s-m,Garmin CIRQA™ Smart Band  Mauve  S-M,the name carries a trademark sign — what should it be called?
name to check,garmin-cirqa-smart-band-captain-s-m,Garmin Garmin CIRQA Smart Band  Captain Blue  S-M,the name carries far too long — what should it be called?
name to check,garmin-instinct-2x-solar-tactical-edition-coyote,Garmin Instinct 2X Solar - Tactical Edition Coyote,the name carries far too long — what should it be called?
name to check,garmin-cirqa-smart-band-french-s-m,Garmin Garmin CIRQA Smart Band  French Gray  S-M,the name carries far too long — what should it be called?
name to check,garmin-fenix-8-47-mm-amoled-sapphire-with-vented-bracelet,Garmin Fenix 8 – 47 mm  AMOLED Sapphire  with Vented bracelet,the name carries far too long — what should it be called?
name to check,apple-band-extension-42mm-magnetic-link-for-38-42mm,Apple Band Extension 42mm Magnetic Link for 38-42mm,the name carries far too long — what should it be called?
name to check,asus-tuf-gaming-z790-plus-wi-fi-d4-socket-1700,ASUS TUF Gaming Z790 Plus Wi-Fi D4 Socket 1700,the name carries far too long — what should it be called?
name to check,asus-mouse-rog-strix-carry-p508-90mp01b0-b0ua00,ASUS Mouse ROG Strix Carry P508 90MP01B0-B0UA00,the name carries far too long — what should it be called?
name to check,asus-mouse-pad-nc01-rog-sheath-blk-90mp00k3-b0ua00,ASUS Mouse Pad NC01 ROG Sheath BLK 90MP00K3-B0UA00,the name carries far too long — what should it be called?
name to check,honor-magicbook-pro-16-3k-core-ultra-5-125h-ram-1t-win11,Honor MAGICBOOK PRO 16” 3K.Core Ultra 5 125H/ Ram/1T/Win11,the name carries far too long — what should it be called?
name to check,lenovo-yoga-mouse-with-laser-presenter-gy50u59626,Lenovo Yoga Mouse with Laser Presenter GY50U59626,the name carries far too long — what should it be called?
name to check,dyson-multi-complete-long-hs05,Dyson Airwrap multi- Complete Long HS05 Onyx Gold,the name carries far too long — what should it be called?
name to check,dyson-multi-complete-long-hs05-strawberry,Dyson Airwrap multi- Complete Long HS05 Strawberry Bronze / Pink,the name carries far too long — what should it be called?
name to check,dyson-multi-complete-long-hs05-topaz,Dyson Airwrap multi- Complete Long HS05 Prussian Blue / Topaz,the name carries far too long — what should it be called?
name to check,dyson-multi-complete-long-hs05-rich,Dyson Airwrap multi- Complete Long HS05 Prussian Blue / Rich Copper,the name carries far too long — what should it be called?
name to check,dyson-multi-complete-long-hs05-fuchisa,Dyson Airwrap multi- Complete Long HS05 Fuchisa / Nickel,the name carries far too long — what should it be called?
name to check,dyson-nural-hd16-strawberry,Dyson Dyson Supersonic Nural HD16 Strawberry Bronze / Blush Pink,the name carries far too long — what should it be called?
name to check,dyson-er-hd15,Dyson Dyson Supersonic Hair Dryer HD15 Nickel / Copper,the name carries far too long — what should it be called?
name to check,dyson-origin-hs05,Dyson Dyson Airwrap Origin HS05 Nickel / Copper,the name carries far too long — what should it be called?
name to check,dyson-airstrait-straightener-ht01-nicel,Dyson Dyson Airstrait Straightener HT01 Nicel / Copper,the name carries far too long — what should it be called?
name to check,dyson-airstrait-straightener-ht01-ceramic,Dyson Dyson Airstrait Straightener HT01 Ceramic Pink,the name carries far too long — what should it be called?
maybe one product,asus-rog-strix-b760-g-gaming-wifi,ASUS ROG Strix B760-G Gaming WiFi  vs  ROG Strix B760-G Gaming Wi-Fi D4,are these two products or one?
maybe one product,google-pixel-10,Google Pixel 10  vs  Pixel 10a,are these two products or one?
maybe one product,google-pixel-9a,Google Pixel 9a  vs  Pixel 9,are these two products or one?
maybe one product,xiaomi-redmi-14c,Xiaomi Redmi 14C  vs  REDMI,are these two products or one?
maybe one product,xiaomi-15,Xiaomi 15  vs  15T,are these two products or one?
maybe one product,xiaomi-redmi-note-13-pro-plus,Xiaomi Redmi Note 13 Pro+ 5G  vs  Redmi Note 13 Pro,are these two products or one?
maybe one product,xiaomi-redmi-15c,Xiaomi Redmi 15C  vs  REDMI,are these two products or one?
maybe one product,xiaomi-redmi-13,Xiaomi Redmi 13  vs  REDMI,are these two products or one?
maybe one product,xiaomi-redmi-note-14s,Xiaomi Redmi Note 14S  vs  Redmi Note 14,are these two products or one?
maybe one product,xiaomi-redmi-17,Xiaomi Redmi 17  vs  REDMI,are these two products or one?
maybe one product,xiaomi-redmi,Xiaomi REDMI  vs  Redmi 10A,are these two products or one?
maybe one product,lenovo-ideapad-1-15iru7-8gb,Lenovo IdeaPad 1 15IRU7(8GB)  vs  IdeaPad 1 15IRU7,are these two products or one?
maybe one product,lenovo-ideapad-slim-5-14irh10,Lenovo IdeaPad Slim 5 14IRH10  vs  IdeaPad Slim 5 14IRH10R,are these two products or one?
maybe one product,lenovo-ideapad-slim-5-16irh10-r,Lenovo IdeaPad Slim 5 16IRH10 R  vs  IdeaPad Slim 516IRH10,are these two products or one?
maybe one product,lenovo-thinkpad-e16-gen-1-21jn001qgp16,Lenovo ThinkPad E16 Gen 1 21JN001QGP16  vs  ThinkPad E16 Gen 1 21JN001QGP,are these two products or one?
maybe one product,hp-probook-450-g9-7c196pa16,HP ProBook 450 G9 7C196PA16  vs  ProBook 450 G9 7C196PA,are these two products or one?
maybe one product,hp-victus-15-fa0033dx-9t9r8ua,HP Victus 15-fa0033dx 9T9R8UA  vs  Victus 15-fa0033dx 9T9R8UA 16,are these two products or one?
maybe one product,honor-x9b,Honor X9b 5G  vs  X9,are these two products or one?
maybe one product,honor-x8c,Honor X8c  vs  X8,are these two products or one?
maybe one product,honor-x8b,Honor X8b  vs  X8,are these two products or one?
maybe one product,honor-x8,Honor X8  vs  X8d,are these two products or one?
maybe one product,honor-x9,Honor X9  vs  X9d,are these two products or one?
maybe one product,sony-wh-ch720n,Sony WH-CH720N  vs  WH-CH720,are these two products or one?
maybe one product,sony-wh-ch520,Sony WH-CH520  vs  WH CH520L,are these two products or one?
maybe one product,sony-wh-1000xm5,Sony WH-1000XM5  vs  WH-1000XM5/SME,are these two products or one?
maybe one product,sony-wh-1000xm5,Sony WH-1000XM5  vs  WH-1000XM5/BME,are these two products or one?
maybe one product,dell-15-dc15250-i5,Dell 15-DC15250(I5)  vs  15 DC15250,are these two products or one?
maybe one product,marshall-woburn-ii,Marshall Woburn II  vs  Woburn III,are these two products or one?
maybe one product,marshall-emberton-iii,Marshall Emberton III  vs  Emberton,are these two products or one?
maybe one product,marshall-willen,Marshall Willen  vs  Willen II,are these two products or one?
maybe one product,marshall-emberton-3,Marshall Emberton 3  vs  Emberton,are these two products or one?
maybe one product,philips-271v8w,Philips 271V8W  vs  271V8,are these two products or one?
maybe one product,asus-rog-ally-x,Asus ROG Ally X  vs  ROG Ally,are these two products or one?
maybe one product,bose-soundlink-revolve-ii,Bose SoundLink Revolve II  vs  SoundLink Revolve,are these two products or one?
maybe one product,dji-osmo-mobile-8-p,DJI Osmo Mobile 8 P  vs  Osmo Mobile 8,are these two products or one?
maybe one product,dji-osmo-mobile-7-p,DJI Osmo Mobile 7P  vs  Osmo Mobile 7,are these two products or one?
maybe one product,dji-mic-3,DJI Mic 3  vs  Mic,are these two products or one?
maybe one product,dji-mic-2,DJI Mic 2  vs  Mic,are these two products or one?
maybe one product,dji-mic-mini-2,DJI Mic Mini 2  vs  Mic Mini,are these two products or one?
maybe one product,hp-envy-pc-7x9x5ea-32,HP ENVY PC 7X9X5EA 32  vs  Envy PC 7X9X5EA,are these two products or one?
prices too far apart,samsung-galaxy-s26-ultra,Samsung Galaxy S26 Ultra — 379000 to 799900 AMD,which of these is not this product  or not this configuration?
prices too far apart,xbox-series-x,Microsoft Xbox Series X — 235000 to 479000 AMD,which of these is not this product  or not this configuration?
prices too far apart,apple-iphone-18-pro,Apple iPhone 18 Pro — 642900 to 1309000 AMD,which of these is not this product  or not this configuration?
prices too far apart,apple-iphone-18-pro-max,Apple iPhone 18 Pro Max — 695900 to 1409000 AMD,which of these is not this product  or not this configuration?
prices too far apart,xiaomi-redmi,Xiaomi REDMI — 66900 to 134900 AMD,which of these is not this product  or not this configuration?
one shop  odd price,xiaomi-buds-6,Xiaomi Redmi Buds 6 — pixel says 19900  we say 39900,is that shop right?
