what,id,brand,name,category,shops,width
missing,xiaomi-redmi-note-15,Xiaomi,Redmi Note 15,phone,7,
missing,xiaomi-redmi-note-14,Xiaomi,Redmi Note 14,phone,6,
missing,honor-600-pro,Honor,600 Pro,phone,5,
missing,dji-mic-mini,DJI,Mic Mini,drone,4,
missing,dji-osmo-action-6,DJI,Osmo Action 6,drone,4,
missing,dji-osmo-mobile-8,DJI,Osmo Mobile 8,drone,4,
missing,dji-osmo-pocket-3,DJI,Osmo Pocket 3,drone,4,
missing,dji-osmo-pocket-4,DJI,Osmo Pocket 4,drone,4,
missing,honor-600,Honor,600,phone,4,
missing,honor-pad-10-5g,Honor,Pad 10 5G,tablet,4,
missing,honor-x8d,Honor,X8d,phone,4,
missing,honor-x9d,Honor,X9d,phone,4,
missing,marshall-woburn-ii,Marshall,Woburn II,speaker,4,
missing,whoop-peak,Whoop,Peak,watch,4,
missing,dji-mic-2,DJI,Mic 2,drone,3,
missing,dji-mic-3,DJI,Mic 3,drone,3,
missing,dji-mic-mini-2,DJI,Mic Mini 2,drone,3,
missing,dji-osmo-360,DJI,Osmo 360,drone,3,
missing,dji-osmo-mobile-6,DJI,Osmo Mobile 6,drone,3,
missing,google-fitbit-air,Google,Fitbit Air,watch,3,
missing,honor-600-lite,Honor,600 Lite,phone,3,
missing,honor-x7d,Honor,X7d,phone,3,
missing,honor-x7e,Honor,X7E,phone,3,
missing,lenovo-v15-g4-iru,Lenovo,V15 G4 IRU,laptop,3,
missing,xiaomi-redmi-17,Xiaomi,Redmi 17,phone,3,
missing,xiaomi-redmi-note-14s,Xiaomi,Redmi Note 14S,phone,3,
missing,xiaomi-redmi-note-17-5g,Xiaomi,Redmi Note 17 5G,phone,3,
missing,samsung-qe75qn80fauxru,Samsung,QE75QN80FAUXRU,tv,2,
missing,samsung-ue75u8000huxpy,Samsung,UE75U8000HUXPY,tv,2,
missing,samsung-qe65s90faexru,Samsung,QE65S90FAEXRU,tv,2,
missing,samsung-qe65s95fauxru,Samsung,QE65S95FAUXRU,tv,2,
missing,samsung-ue65u8000huxpy,Samsung,UE65U8000HUXPY,tv,2,
missing,sony-k-65s30,Sony,K-65S30,tv,2,
missing,tcl-65c6k,TCL,65C6K,tv,2,
missing,dji-mic,DJI,Mic,drone,2,
missing,dji-osmo-mobile-7,DJI,Osmo Mobile 7,drone,2,
missing,dji-osmo-mobile-7-p,DJI,Osmo Mobile 7P,drone,2,
missing,samsung-qe55qn80fauxru,Samsung,QE55QN80FAUXRU,tv,2,
missing,samsung-ue55m70hauxpy,Samsung,UE55M70HAUXPY,tv,2,
missing,sony-k-55s30,Sony,K-55S30,tv,2,
missing,tcl-55c6k,TCL,55C6K,tv,2,
missing,tcl-55v6c,TCL,55V6C,tv,2,
missing,apple-iphone-15-pro,Apple,iPhone 15 Pro,phone,2,
missing,asus-rog-ally-x,Asus,ROG Ally X,console,2,
missing,garmin-venu-4-45-mm,Garmin,Venu 4 45 mm,watch,2,
missing,google-pixel-10-pro-xl,Google,Pixel 10 Pro XL,phone,2,
missing,harman-kardon-studio-8,Harman Kardon,Studio 8,speaker,2,
missing,harman-kardon-studio-9,Harman Kardon,Studio 9,speaker,2,
missing,honor-400-lite,Honor,400 Lite,phone,2,
missing,honor-pad-x9a,Honor,Pad X9a,tablet,2,
missing,honor-x8b,Honor,X8b,phone,2,
missing,honor-x9,Honor,X9,phone,2,
missing,jbl-partybox-120,JBL,Partybox 120,speaker,2,
missing,jbl-partybox-320,JBL,Partybox 320,speaker,2,
missing,jbl-xtreme-4,JBL,Xtreme 4,speaker,2,
missing,lenovo-ideapad-slim-3-15irh10r,Lenovo,IdeaPad Slim 3 15IRH10R,laptop,2,
missing,lenovo-ideapad-slim-3-15iru9,Lenovo,IdeaPad Slim 3 15IRU9,laptop,2,
missing,marshall-emberton,Marshall,Emberton,speaker,2,
missing,marshall-emberton-iii,Marshall,Emberton III,speaker,2,
missing,marshall-uxbridge,Marshall,Uxbridge,speaker,2,
missing,marshall-willen,Marshall,Willen,speaker,2,
missing,samsung-galaxy-2,Samsung,Galaxy 2,earbuds,2,
missing,samsung-galaxy-2-pro,Samsung,Galaxy 2 Pro,earbuds,2,
missing,samsung-galaxy-3,Samsung,Galaxy 3,earbuds,2,
missing,samsung-galaxy-buds4-pro-r640,Samsung,Galaxy Buds4 Pro R640,headphones,2,
missing,samsung-galaxy-tab-a9-x110,Samsung,Galaxy Tab A9 X110,tablet,2,
missing,samsung-galaxy-tab-a9-x115,Samsung,Galaxy Tab A9 X115,tablet,2,
missing,samsung-galaxy-tab-a9plus-x210,Samsung,Galaxy Tab A9+ X210,tablet,2,
missing,samsung-galaxy-tab-a9plus-x216,Samsung,Galaxy Tab A9+ X216,tablet,2,
missing,sony-wh-1000xm5,Sony,WH-1000XM5,headphones,2,
missing,xiaomi-poco-m7,Xiaomi,POCO M7,phone,2,
missing,xiaomi-redmi-15,Xiaomi,Redmi 15,phone,2,
missing,xiaomi-redmi-note-12,Xiaomi,Redmi Note 12,phone,2,
missing,samsung-ue50u8000huxpy,Samsung,UE50U8000HUXPY,tv,2,
missing,sony-k-50s30,Sony,K-50S30,tv,2,
missing,samsung-ue43m70hauxpy,Samsung,UE43M70HAUXPY,tv,2,
missing,samsung-ue43u8000huxpy,Samsung,UE43U8000HUXPY,tv,2,
missing,sony-k-43s30,Sony,K-43S30,tv,2,
missing,tcl-43v6d,TCL,43V6D,tv,2,
missing,asus-chromebook-cx1700cka-ws44f-m,ASUS,Chromebook CX1700CKA WS44F M,laptop,2,
missing,bo-beosound-explore,Bang & Olufsen,Beosound Explore,speaker,2,
missing,asus-32-vg32vq1br,ASUS,32” VG32VQ1BR,monitor,2,
missing,asus-gaming-25-vg258qr,ASUS,Gaming 25” VG258QR,monitor,2,
missing,asus-tuf-gaming-24-vg248q1b,ASUS,TUF Gaming 24” VG248Q1B,monitor,2,
missing,tcl-115c7k,TCL,115C7K,tv,1,
missing,tcl-98c6k,TCL,98C6K,tv,1,
missing,tcl-98p8k,TCL,98P8K,tv,1,
missing,lg-85qned70b6a,LG,85QNED70B6A,tv,1,
missing,samsung-qe85q60dauxru,Samsung,QE85Q60DAUXRU,tv,1,
missing,tcl-85p7l,TCL,85P7L,tv,1,
missing,tcl-85p8l,TCL,85P8L,tv,1,
missing,lg-oled83c4rla,LG,OLED83C4RLA,tv,1,
missing,samsung-qe77s95fauxru,Samsung,QE77S95FAUXRU,tv,1,
missing,lg-75nu850b6la,LG,75NU850B6LA,tv,1,
missing,lg-75qned70b6a,LG,75QNED70B6A,tv,1,
missing,lg-75qned85b6b,LG,75QNED85B6B,tv,1,
missing,lg-75qned86a6a,LG,75QNED86A6A,tv,1,
missing,samsung-qe75q60dauxru,Samsung,QE75Q60DAUXRU,tv,1,
missing,samsung-qe75q70dauxru,Samsung,QE75Q70DAUXRU,tv,1,
missing,samsung-qe75qn70fauxru,Samsung,QE75QN70FAUXRU,tv,1,
missing,samsung-qe75qn90cauxru,Samsung,QE75QN90CAUXRU,tv,1,
missing,samsung-ue75m80hauxpy,Samsung,UE75M80HAUXPY,tv,1,
missing,tcl-75c6k,TCL,75C6K,tv,1,
missing,tcl-75c7k,TCL,75C7K,tv,1,
missing,tcl-75t6d,TCL,75T6D,tv,1,
missing,tcl-75v6d,TCL,75V6D,tv,1,
missing,lg-65nu850b6la,LG,65NU850B6LA,tv,1,
missing,lg-65qned70a6a,LG,65QNED70A6A,tv,1,
missing,lg-65qned80a6a,LG,65QNED80A6A,tv,1,
missing,lg-65qned80b6b,LG,65QNED80B6B,tv,1,
missing,lg-65qned86t6a,LG,65QNED86T6A,tv,1,
missing,lg-65ua75009la,LG,65UA75009LA,tv,1,
missing,lg-oled65b5rla,LG,OLED65B5RLA,tv,1,
missing,lg-oled65c5rla,LG,OLED65C5RLA,tv,1,
missing,lg-oled65g5rla,LG,OLED65G5RLA,tv,1,
missing,samsung-qe65qn85dbuxru,Samsung,QE65QN85DBUXRU,tv,1,
missing,samsung-qe65qn90fauxru,Samsung,QE65QN90FAUXRU,tv,1,
missing,samsung-qe65s90dauxru,Samsung,QE65S90DAUXRU,tv,1,
missing,samsung-ue65m80hauxpy,Samsung,UE65M80HAUXPY,tv,1,
missing,samsung-ue65u8000fuxru,Samsung,UE65U8000FUXRU,tv,1,
missing,tcl-65c7l,TCL,65C7L,tv,1,
missing,tcl-65p8k,TCL,65P8K,tv,1,
missing,tcl-65p8l,TCL,65P8L,tv,1,
missing,tcl-65t6d,TCL,65T6D,tv,1,
missing,xiaomi-a-65-2025,Xiaomi,A 65 2025,tv,1,
missing,xiaomi-a-65-2026,Xiaomi,A 65 2026,tv,1,
missing,dji-mavic-3-pro,DJI,Mavic 3 Pro,drone,1,
missing,lg-55nu850b6la,LG,55NU850B6LA,tv,1,
missing,lg-55qned70a6a,LG,55QNED70A6A,tv,1,
missing,lg-55qned80a6a,LG,55QNED80A6A,tv,1,
missing,lg-55qned80b6b,LG,55QNED80B6B,tv,1,
missing,lg-55qned80t6a,LG,55QNED80T6A,tv,1,
missing,lg-55qned82a6b,LG,55QNED82A6B,tv,1,
missing,lg-55qned86a6a,LG,55QNED86A6A,tv,1,
missing,lg-55qned86t6a,LG,55QNED86T6A,tv,1,
missing,lg-oled55c6rla,LG,OLED55C6RLA,tv,1,
missing,samsung-qe55q60abuxru,Samsung,QE55Q60ABUXRU,tv,1,
missing,samsung-qe55q7faauxru,Samsung,QE55Q7FAAUXRU,tv,1,
missing,samsung-qe55q7fam,Samsung,QE55Q7FAM,tv,1,
missing,samsung-qe55s95cauxru,Samsung,QE55S95CAUXRU,tv,1,
missing,samsung-ue55du8000uxru,Samsung,UE55DU8000UXRU,tv,1,
missing,samsung-ue55u8000fuxru,Samsung,UE55U8000FUXRU,tv,1,
missing,tcl-55c7k,TCL,55C7K,tv,1,
missing,tcl-55p7k,TCL,55P7K,tv,1,
missing,tcl-55p8l,TCL,55P8L,tv,1,
missing,acer-aspire-a16-51gm-71yf,Acer,Aspire A16-51GM-71YF,laptop,1,
missing,acer-aspire-a514-56m-770k,Acer,Aspire A514-56M-770K,laptop,1,
missing,acer-aspire-al15-52,Acer,Aspire AL15-52,laptop,1,
missing,acer-aspire-lite-al15-36p-32xp,Acer,Aspire Lite AL15-36P-32XP,laptop,1,
missing,acer-aspire-lite-al16-52p-32e3,Acer,Aspire Lite AL16-52P-32E3,laptop,1,
missing,acer-aspire-lite-al16-52p-59qu,Acer,Aspire Lite AL16-52P-59QU,laptop,1,
missing,acer-aspire-lite-all15-36p-c0m7-n150-nx-de1aa-001,Acer,Aspire Lite AL15-36P,laptop,1,
missing,acer-nitro-5-an515-45-r7sl,Acer,Nitro 5 AN515-45-R7SL,laptop,1,
missing,acer-nitro-5-anv15-51-93hs,Acer,Nitro 5 ANV15-51-93HS,laptop,1,
missing,acer-nitro-v15-anv15-51-789j,Acer,Nitro V15 ANV15-51-789J,laptop,1,
missing,acer-nitro-v16-anv16-71-70f7,Acer,Nitro V16 ANV16-71-70F7,laptop,1,
missing,acer-predator-helios-neo-14-phn14-51-79ub,Acer,Predator Helios Neo 14 PHN14-51-79UB,laptop,1,
missing,acer-predator-triton-300-pt-315-53-75-xx,Acer,Predator Triton 300 PT 315-53-75 XX,laptop,1,
missing,acer-swift-3-sf314-59-75qc,Acer,Swift 3 SF314 59 75QC,laptop,1,
missing,aoc-49-lcd-ag493ucx,AOC,49" LCD AG493UCX,monitor,1,
missing,apple-airpods-5,Apple,AirPods 5,earbuds,1,
missing,apple-band-extension-42mm-magnetic-link-for-38-42mm,Apple,Watch Band 42mm,watch,1,
missing,apple-homepod-2,Apple,HomePod 2,speaker,1,
missing,apple-homepod-mini,Apple,HomePod Mini,speaker,1,
missing,apple-homepod-mini-mj2e3ll-a,Apple,HomePod Mini /MJ2E3LL/A*,speaker,1,
missing,apple-imac-24-inch-m3-8ram-2023,Apple,iMac 24-inch M3 8RAM /2023,desktop,1,
missing,apple-ipad-10-2-9th-gen-wi-fi,Apple,iPad 10.2 9th Gen Wi-Fi,tablet,1,
missing,apple-ipad-10-2-9th-generation-wi-fi,Apple,iPad 10.2 9th Generation     Wi-Fi,tablet,1,
missing,apple-ipad-10-9-wi-fi-a14-mpqa3rk-a,Apple,iPad 10.9 Wi-Fi A14 MPQA3RK/A,tablet,1,
missing,apple-ipad-10-a16-wi-fi-2025,Apple,iPad 10 A16 Wi-Fi /2025,tablet,1,
missing,apple-ipad-11,Apple,iPad 11,tablet,1,
missing,apple-ipad-11-pro-wi-fi-m2-mnxg3rk-a,Apple,iPad 11 Pro Wi-Fi M2 MNXG3RK/A,tablet,1,
missing,apple-ipad-12-9-pro-wi-fi-plus-4g-m2-mp1x3rk,Apple,iPad 12.9 Pro Wi-Fi + 4G M2 MP1X3RK,tablet,1,
missing,apple-ipad-9,Apple,iPad 9,tablet,1,
missing,apple-ipad-air-11-inch-with-wi-fi,Apple,iPad Air 11-inch with Wi-Fi,tablet,1,
missing,apple-ipad-air-11-wi-fi-2024,Apple,iPad Air 11 Wi-Fi 2024,tablet,1,
missing,apple-ipad-air-11-wi-fi-plus-cellular-2024,Apple,iPad Air 11 Wi-Fi + Cellular 2024,tablet,1,
missing,apple-ipad-air-13-m3,Apple,iPad Air 13 M3,tablet,1,
missing,apple-ipad-air-13-wi-fi-2024,Apple,iPad Air 13 Wi-Fi 2024,tablet,1,
missing,apple-ipad-air-13-wi-fi-plus-cellular-2024,Apple,iPad Air 13 Wi-Fi + Cellular 2024,tablet,1,
missing,apple-ipad-air-5-wi-fi-plus-cellular-2022,Apple,iPad Air 5 Wi-Fi + Cellular 2022,tablet,1,
missing,apple-ipad-mini-6,Apple,iPad Mini 6,tablet,1,
missing,apple-ipad-mini-7,Apple,iPad Mini 7,tablet,1,
missing,apple-ipad-mini-7-wifi,Apple,iPad Mini 7 WiFi,tablet,1,
missing,apple-ipad-pro-11-wi-fi,Apple,iPad Pro 11 Wi-Fi,tablet,1,
missing,apple-ipad-pro-12-9-m2-cell-spacegray-mp5x3,Apple,iPad Pro 12.9 M2 Cell SpaceGray/MP5X3*,tablet,1,
missing,apple-ipad-pro-12-9-m2-wifi-s-grey-mnxp3rk-a,Apple,iPad Pro 12.9 M2 WiFi S.Grey/MNXP3RK/A,tablet,1,
missing,apple-ipad-pro-12-9-m2-wifi-silver-mnxq3rk-a,Apple,iPad Pro 12.9 M2 WiFi Silver/MNXQ3RK/A,tablet,1,
missing,apple-ipad-pro-13-m4,Apple,iPad Pro 13 M4,tablet,1,
missing,apple-ipad-pro-13-m4-wi-fi-plus-cellular-2024,Apple,iPad Pro 13 M4 Wi-Fi + Cellular 2024,tablet,1,
missing,apple-ipad-pro-13-wi-fi-2024,Apple,iPad Pro 13 Wi-Fi 2024,tablet,1,
missing,apple-ipad-pro-13-wi-fi-plus-cellular-2024,Apple,iPad Pro 13 Wi-Fi + Cellular 2024,tablet,1,
missing,apple-ipad-wi-fi-11,Apple,iPad Wi-Fi 11",tablet,1,
missing,apple-iphone-14-pro-max-magic-glass-box,Apple,iPhone 14 Pro Max Magic Glass Box,phone,1,
missing,apple-macbook-air-13-m1-2024,Apple,MacBook Air 13 M1 2024,laptop,1,
missing,apple-macbook-air-13-mgn63-m1-2020,Apple,MacBook Air 13 MGN63 M1 2020,laptop,1,
missing,apple-macbook-air-13-mgn93-m1-2020,Apple,MacBook Air 13 MGN93 M1 2020,laptop,1,
missing,apple-macbook-air-13-mgnd3-m1-2020,Apple,MacBook Air 13 MGND3 M1 2020,laptop,1,
missing,apple-macbook-air-m5-13-ram,Apple,MacBook Air M5 13. RAM,laptop,1,
missing,apple-macbook-air-m5-ram,Apple,MacBook Air M5 RAM,laptop,1,
missing,apple-macbook-air-mgn63-late-2020,Apple,MacBook Air MGN63 Late 2020,laptop,1,
missing,apple-macbook-air-mgn93-late-2020,Apple,MacBook Air MGN93 Late 2020,laptop,1,
missing,apple-macbook-pro-14-2023-mtl73,Apple,MacBook Pro 14 2023 MTL73,laptop,1,
missing,apple-macbook-pro-14-m4,Apple,Macbook PRO 14 M4,laptop,1,
missing,apple-macbook-pro-14-m4-max,Apple,Macbook PRO 14 M4 Max,laptop,1,
missing,apple-macbook-pro-14-mr7j3-2023,Apple,MacBook Pro 14 MR7J3 2023,laptop,1,
missing,apple-macbook-pro-14-mrx33-2023,Apple,MacBook Pro 14 MRX33 2023,laptop,1,
missing,apple-macbook-pro-14-mrx43-2023,Apple,MacBook Pro 14 MRX43 2023,laptop,1,
missing,apple-macbook-pro-16-m4-max,Apple,Macbook PRO 16 M4 Max,laptop,1,
missing,apple-macbook-pro-16-m4-pro,Apple,Macbook PRO 16 M4 Pro,laptop,1,
missing,apple-macbook-pro-16-mrw23,Apple,MacBook Pro 16 MRW23,laptop,1,
missing,apple-macbook-pro-16-mrw63-2023,Apple,MacBook Pro 16 MRW63 2023,laptop,1,
missing,apple-studio-display-xdr-2026-tilt-height-adjustable-mfel4,Apple,Studio Display XDR,monitor,1,
missing,apple-tws-bluetooth-headsets-3rd-generation,Apple,TWS Bluetooth Headsets 3rd Generation,earbuds,1,
missing,apple-ultra-2,Apple,Ultra 2,watch,1,
missing,apple-ultra-2-49mm-blue-black-m-l-mrf63rb-a,Apple,Ultra 2 49mm Blue/Black M/L/MRF63RB/A,watch,1,
missing,apple-ultra-2-49mm-titaniumplusdark-alpine-loop-l-mx4t3,Apple,Watch Ultra 2 49mm,watch,1,
missing,apple-watch-s10-42mm-with-sport-band,Apple,Watch S10 42mm With Sport Band,watch,1,
missing,apple-watch-s10-46mm-with-sport-band,Apple,Watch S10 46mm With Sport Band,watch,1,
missing,apple-watch-series-12-gps-42mm,Apple,Watch Series 12 GPS 42mm,watch,1,
missing,apple-watch-series-12-gps-46mm,Apple,Watch Series 12 GPS 46mm,watch,1,
missing,apple-watch-ultra-4-gps-plus-cellular-plus-band,Apple,Watch Ultra 4 GPS + Cellular + Band,watch,1,
missing,apple-watch-ultra-4-gps-plus-cellular-plus-milanese-loop,Apple,Watch Ultra 4 GPS + Cellular + Milanese Loop,watch,1,
missing,apple-watch-ultra-4-gps-plus-cellular-plus-trail-loop,Apple,Watch Ultra 4 GPS + Cellular + Trail Loop,watch,1,
missing,asus-b3405cca-ly0189,ASUS,B3405CCA-LY0189,laptop,1,
missing,asus-b3405cca-ly0191,ASUS,B3405CCA-LY0191,laptop,1,
missing,asus-b3605cca-mb0080,ASUS,B3605CCA-MB0080,laptop,1,
missing,asus-e1504g-90nb0zt2-m011a0,ASUS,E1504G (90NB0ZT2-M011A0),laptop,1,
missing,asus-expert-book-b5-b5405cva,ASUS,Expert Book B5 B5405CVA,laptop,1,
missing,asus-expert-center-p400-aio-p4-40va,ASUS,Expert Center P400 AiO P4 40VA,desktop,1,
missing,asus-expert-center-p400-aio-p4-70va,ASUS,Expert Center P400 AiO P4 70VA,desktop,1,
missing,asus-expertbook-b5-b5405cca,ASUS,ExpertBook B5 B5405CCA,laptop,1,
missing,asus-expertbook-p1-p1503cva-misty,ASUS,ExpertBook P1 P1503CVA Misty,laptop,1,
missing,asus-fa506n,ASUS,FA506N,laptop,1,
missing,asus-fa507,ASUS,FA507,laptop,1,
missing,asus-fa707,ASUS,FA707,laptop,1,
missing,asus-fx607v,ASUS,FX607V,laptop,1,
missing,asus-k3605v,ASUS,K3605V,laptop,1,
missing,asus-l410ma-tb02-n4020-90nb0q15-m32880-star,ASUS,L410MA-TB02 N4020  90NB0Q15-M32880 Star,laptop,1,
missing,asus-l510mads04,ASUS,L510MADS04,laptop,1,
missing,asus-mouse-pad-nc01-rog-sheath-blk-90mp00k3-b0ua00,ASUS,ROG Sheath Mouse Pad,laptop,1,
missing,asus-mouse-rog-keris-p509-90mp01r0-b0ua00,ASUS,Mouse ROG Keris P509 90MP01R0-B0UA00,laptop,1,
missing,asus-mouse-rog-strix-carry-p508-90mp01b0-b0ua00,ASUS,ROG Strix Carry Mouse,laptop,1,
missing,asus-p504-rog-gladius-ii-origin,ASUS,P504 ROG Gladius II Origin,laptop,1,
missing,asus-p5405csa,ASUS,P5405CSA,laptop,1,
missing,asus-proart-lc-420,ASUS,ProArt LC 420,monitor,1,
missing,asus-rog-gladius-ii-core-p507,ASUS,ROG Gladius II Core P507,laptop,1,
missing,asus-rog-hyperion-gr701,ASUS,ROG Hyperion GR701,laptop,1,
missing,asus-rog-keris-p513,ASUS,ROG Keris P513,laptop,1,
missing,asus-rog-rg-07-performance-thermal-paste-kit,ASUS,ROG RG-07 Performance Thermal Paste Kit,laptop,1,
missing,asus-rog-strix-650g,ASUS,ROG Strix 650G,laptop,1,
missing,asus-rog-strix-b760-g-gaming-wi-fi-d4,ASUS,ROG Strix B760-G Gaming Wi-Fi D4,laptop,1,
missing,asus-rog-strix-b760-g-gaming-wifi,ASUS,ROG Strix B760-G Gaming WiFi,laptop,1,
missing,asus-rog-strix-gs-ax3000,ASUS,ROG Strix GS-AX3000,laptop,1,
missing,asus-rog-strix-gs-ax5400,ASUS,ROG Strix GS-AX5400,laptop,1,
missing,asus-rog-strix-helios-gx601-90dc0020-b39000,ASUS,ROG Strix Helios GX601 90DC0020-B39000,laptop,1,
missing,asus-rog-strix-impact-ii-p506,ASUS,ROG Strix Impact II P506,laptop,1,
missing,asus-rog-strix-impact-ii-wireless,ASUS,ROG Strix Impact II Wireless,laptop,1,
missing,asus-rog-strix-lc-ii-360,ASUS,ROG Strix LC II 360,laptop,1,
missing,asus-rog-strix-z790-f-gaming-wi-fi-ii,ASUS,ROG Strix Z790-F Gaming Wi-Fi II,laptop,1,
missing,asus-rog-strix-z790-h-gaming-wi-fi,ASUS,ROG Strix Z790-H Gaming Wi-Fi,laptop,1,
missing,asus-tuf-gaming-1200-g,ASUS,TUF Gaming 1200 G,laptop,1,
missing,asus-tuf-gaming-450b,ASUS,TUF Gaming 450B,laptop,1,
missing,asus-tuf-gaming-550w,ASUS,TUF Gaming 550W,laptop,1,
missing,asus-tuf-gaming-650b,ASUS,TUF Gaming 650B,laptop,1,
missing,asus-tuf-gaming-a16-fa608p,ASUS,TUF Gaming A16 FA608P,laptop,1,
missing,asus-tuf-gaming-gt302-argb,ASUS,TUF Gaming GT302 ARGB,laptop,1,
missing,asus-tuf-gaming-k1,ASUS,TUF Gaming K1,laptop,1,
missing,asus-tuf-gaming-m3-mouse-p305-90mp01j0-b0ua00,ASUS,TUF Gaming M3 Mouse P305 90MP01J0-B0UA00,laptop,1,
missing,asus-tuf-gaming-p3-06,ASUS,TUF Gaming P3 06,laptop,1,
missing,asus-tuf-h3-wireless,ASUS,TUF H3 Wireless,laptop,1,
missing,asus-v241eak-ba06,ASUS,V241EAK-BA06,desktop,1,
missing,asus-va249hg,ASUS,VA249HG,monitor,1,
missing,asus-va27dqsb-w,ASUS,VA27DQSB-W,monitor,1,
missing,asus-vg249q3a-90lm09b0-b01170,ASUS,VG249Q3A 90LM09B0-B01170,monitor,1,
missing,asus-vg279q3a-90lm0990-b01170,ASUS,VG279Q3A 90LM0990-B01170,monitor,1,
missing,asus-vg32aqa1a-90lm07l0-b02370,ASUS,VG32AQA1A 90LM07L0-B02370,monitor,1,
missing,asus-vivobook-15-core-3-100u-x1504vap-c38128-w11,ASUS,Vivobook 15 X1504VAP,laptop,1,
missing,asus-vivobook-15-m1502n,ASUS,Vivobook 15 M1502N,laptop,1,
missing,asus-vivobook-15-x1504va,ASUS,Vivobook 15 X1504VA,laptop,1,
missing,asus-vivobook-16-amd-ryzen-7-7730u-90nb10r1-m00ch0-w11,ASUS,Vivobook 16 (Ryzen 7),laptop,1,
missing,asus-vivobook-16-i7-1355u-f1605va-ws74-w11,ASUS,Vivobook 16  i7-1355U  F1605VA-WS74  W11,laptop,1,
missing,asus-vivobook-17-x1704vap,ASUS,Vivobook 17 X1704VAP,laptop,1,
missing,asus-vivobook-s-15-6-i9-13900h-16-1-camo-w11-k5504va-pb99-gr,ASUS,Vivobook S 15 (i9),laptop,1,
missing,asus-vivobook-s-15-6-i9-13900h-16-1-camo-w11-k5504va-pb99-sl,ASUS,Vivobook S 15 (i9),laptop,1,
missing,asus-vivobook-s14-s3407v,ASUS,Vivobook S14 S3407V,laptop,1,
missing,asus-vivobook-s16-s3607v,ASUS,Vivobook S16 S3607V,laptop,1,
missing,asus-vivobook-x1404va-v14-i38128,ASUS,Vivobook X1404VA-V14.I38128,laptop,1,
missing,asus-vu279hfi-w,ASUS,VU279HFI-W,monitor,1,
missing,asus-vy249hf-w,ASUS,VY249HF-W,monitor,1,
missing,asus-vy279hf-w-90lm06d2-b02170,ASUS,VY279HF-W 90LM06D2-B02170,monitor,1,
missing,asus-vz24ehf-w,ASUS,VZ24EHF-W,monitor,1,
missing,asus-vz27ehf-90lm07b0-b01470,ASUS,VZ27EHF 90LM07B0-B01470,monitor,1,
missing,asus-vz27ehf-w-90lm07b0-b02470,ASUS,VZ27EHF-W 90LM07B0-B02470,monitor,1,
missing,beats-fit-pro,Beats,Fit Pro,headphones,1,
missing,beats-flex-all-day,Beats,Flex All-Day,headphones,1,
missing,beats-solo-true-wireless,Beats,Solo True Wireless,headphones,1,
missing,beats-solo4-onear,Beats,Solo4 OnEar,headphones,1,
missing,beats-studio,Beats,Studio,earbuds,1,
missing,beats-studio-pro-wireless,Beats,Studio Pro Wireless,headphones,1,
missing,beats-studio-pro-wireless-model,Beats,Studio Pro Wireless Model,headphones,1,
missing,bose-quietcomfort-45-acoustic,Bose,QuietComfort 45 Acoustic,headphones,1,
missing,bose-quietcomfort-ii,Bose,QuietComfort II,earbuds,1,
missing,bose-soundlink-flex,Bose,SoundLink Flex,speaker,1,
missing,bose-soundlink-mini-ii,Bose,Soundlink Mini II,speaker,1,
missing,bose-soundlink-revolve,Bose,SoundLink Revolve,speaker,1,
missing,bose-soundlink-revolve-ii,Bose,SoundLink Revolve II,speaker,1,
missing,bose-soundsport-free,Bose,SoundSport Free,headphones,1,
missing,bose-soundsport-free-bright,Bose,SoundSport Free Bright,headphones,1,
missing,bose-sport,Bose,Sport,earbuds,1,
missing,dell-15-dc15250,Dell,15 DC15250,laptop,1,
missing,dell-15-ldc15250-7427blk-pus-touch-w11,Dell,15  LDC15250-7427BLK-PUS  Touch  W11,laptop,1,
missing,dell-27-e2723h,Dell,27'' E2723H,monitor,1,
missing,dell-ax510-2-0,Dell,AX510 2.0,speaker,1,
missing,dell-inspiron-16-plus-7630,Dell,Inspiron 16 Plus 7630,laptop,1,
missing,dell-inspiron-7445,Dell,Inspiron 7445,laptop,1,
missing,dell-n2y94,Dell,N2Y94,laptop,1,
missing,dell-vostro-3520-i3,Dell,Vostro 3520 i3,laptop,1,
missing,dell-vostro-3520-i5,Dell,Vostro 3520 i5,laptop,1,
missing,dell-vostro-3910,Dell,Vostro 3910,laptop,1,
missing,dell-xps-16-9640,Dell,XPS 16 9640,laptop,1,
missing,dyson-airstarit,Dyson,AirStarit,appliance,1,
missing,dyson-airstarit-2026,Dyson,AirStarit 2026,appliance,1,
missing,dyson-airstarit-kanzan,Dyson,AirStarit Kanzan,appliance,1,
missing,dyson-airstarit-plum,Dyson,AirStarit Plum,appliance,1,
missing,dyson-airstrait-straightener-ht01-ceramic,Dyson,Airstrait HT01 (Ceramic),appliance,1,
missing,dyson-airstrait-straightener-ht01-nicel,Dyson,Airstrait HT01,appliance,1,
missing,dyson-er-hd07,Dyson,Supersonic HD07 (Iron Fuchsia),appliance,1,
missing,dyson-er-hd15,Dyson,Supersonic HD15,appliance,1,
missing,dyson-hd15-er-black-onyx,Dyson,Supersonic HD15 (Black),appliance,1,
missing,dyson-hd15-er-nickel-copper,Dyson,Supersonic HD15 (Nickel),appliance,1,
missing,dyson-hd16-nural-ceramic-patina-topaz,Dyson,Supersonic Nural HD16 (Ceramic),appliance,1,
missing,dyson-hd16-nural-plum,Dyson,Dyson HD16 Supersonic Nural Jasper Plum,appliance,1,
missing,dyson-hd16-nural-strawberry-bronze-blush,Dyson,Supersonic Nural HD16 (Strawberry),appliance,1,
missing,dyson-hd16-nural-velvet,Dyson,Dyson HD16 Supersonic Nural Red Velvet,appliance,1,
missing,dyson-hd16-vinca-blue-topaz,Dyson,Dyson HD16 Supersonic Vinca Blue/Topaz,appliance,1,
missing,dyson-hd18-vinca-blue-topaz,Dyson,Dyson HD18 Supersonic Vinca Blue/Topaz,appliance,1,
missing,dyson-hs05-multi-complete-long-blue-copper,Dyson,Airwrap HS05 Complete Long (Blue/Copper),appliance,1,
missing,dyson-hs05-multi-complete-long-blue-topaz,Dyson,Airwrap HS05 Complete Long (Blue),appliance,1,
missing,dyson-hs05-multi-complete-long-fuchisa-nickel,Dyson,Airwrap HS05 Complete Long (Fuchsia),appliance,1,
missing,dyson-hs05-multi-complete-long-gold-onyx,Dyson,Airwrap HS05 Complete Long (Gold),appliance,1,
missing,dyson-hs05-multi-complete-long-strawberry-bronze-pink,Dyson,Airwrap HS05 Complete Long (Strawberry),appliance,1,
missing,dyson-hs05-multi-short-and-coarse-blue-rich,Dyson,Airwrap HS05 (Prussian Blue),appliance,1,
missing,dyson-hs08-i-d,Dyson,HS08 I.D,appliance,1,
missing,dyson-hs08-id-multi-ceramic-patina-topaz,Dyson,Airwrap HS08 (Ceramic Patina),appliance,1,
missing,dyson-hs08-id-multi-plum,Dyson,HS08 Airwrap ID Multi- Jasper Plum,appliance,1,
missing,dyson-hs08-id-multi-velvet-gold,Dyson,HS08 Airwrap ID Multi- Red Velvet/Gold,appliance,1,
missing,dyson-hs08-multi-and-dryer-curlypluscoily-vinca-blue-topaz,Dyson,Airwrap HS08 (Vinca Blue),appliance,1,
missing,dyson-hs08-multi-and-dryer-straightpluswavy-strawberry-bronze-blush,Dyson,Airwrap HS08 (Strawberry Bronze),appliance,1,
missing,dyson-hs08-multi-and-dryer-straightpluswavy-velvet-gold,Dyson,Airwrap HS08 (Red Velvet),appliance,1,
missing,dyson-hs08-strawberry,Dyson,HS08 Strawberry,appliance,1,
missing,dyson-hs08-velvet,Dyson,HS08 Velvet,appliance,1,
missing,dyson-hs08-vinca-topaz,Dyson,HS08 Vinca Topaz,appliance,1,
missing,dyson-hs09-co-anda2x,Dyson,HS09 Co-anda2x,appliance,1,
missing,dyson-ht01-airstrait-straightener-blue-rich,Dyson,Airstrait HT01 (Prussian Blue),appliance,1,
missing,dyson-ht01-airstrait-straightener-ceramic,Dyson,Airstrait HT01 (Ceramic Pink),appliance,1,
missing,dyson-ht01-airstrait-straightener-plum,Dyson,Airstrait HT01 (Jasper Plum),appliance,1,
missing,dyson-ht01-airstrait-straightener-strawberry-bronze-blush,Dyson,Airstrait HT01 (Strawberry),appliance,1,
missing,dyson-ht01-airstrait-straightener-velvet-gold,Dyson,Airstrait HT01 (Red Velvet),appliance,1,
missing,dyson-multi-complete-long-hs05,Dyson,Airwrap HS05 Complete Long,appliance,1,
missing,dyson-multi-complete-long-hs05-fuchisa,Dyson,Airwrap HS05 (Fuchsia),appliance,1,
missing,dyson-multi-complete-long-hs05-rich,Dyson,Airwrap HS05 (Blue/Copper),appliance,1,
missing,dyson-multi-complete-long-hs05-strawberry,Dyson,Airwrap HS05 (Strawberry),appliance,1,
missing,dyson-multi-complete-long-hs05-topaz,Dyson,Airwrap HS05 (Blue),appliance,1,
missing,dyson-nural-er,Dyson,Dyson Supersonic Nural hair dryer,appliance,1,
missing,dyson-nural-hd16-strawberry,Dyson,Supersonic Nural HD16,appliance,1,
missing,dyson-origin-hs05,Dyson,Airwrap Origin HS05,appliance,1,
missing,dyson-r-dh17,Dyson,Dyson Supersonic r DH17,appliance,1,
missing,dyson-v12-detect-slim-cordless-vacuum-cleaner,Dyson,V12 Detect Slim Cordless Vacuum Cleaner,appliance,1,
missing,dyson-zone,Dyson,Zone,headphones,1,
missing,dyson-zone-absoluteplus,Dyson,Zone Absolute+,headphones,1,
missing,garmin-cirqa-smart-band-captain-s-m,Garmin,CIRQA Smart Band,watch,1,
missing,garmin-cirqa-smart-band-french-l-xl,Garmin,CIRQA Smart Band French L/XL,watch,1,
missing,garmin-cirqa-smart-band-french-s-m,Garmin,CIRQA Smart Band,watch,1,
missing,garmin-cirqa-smart-band-mauve-l-xl,Garmin,CIRQA Smart Band Mauve L-XL,watch,1,
missing,garmin-cirqa-smart-band-mauve-s-m,Garmin,CIRQA Smart Band,watch,1,
missing,garmin-cirqa-smart-band-s-m,Garmin,Garmin CIRQA Smart Band  Black  S-M,watch,1,
missing,garmin-epix-pro-sapphire-edition-51-mm,Garmin,epix Pro – Sapphire Edition 51 mm,watch,1,
missing,garmin-epix-pro-standard-edition-47mm,Garmin,epix Pro – Standard Edition 47mm,watch,1,
missing,garmin-fenix-7-pro-sapphire-solar,Garmin,Fenix 7 Pro Sapphire Solar,watch,1,
missing,garmin-fenix-7x-pro-sapphire-solar-edition,Garmin,Fenix 7X Pro – Sapphire Solar Edition,watch,1,
missing,garmin-fenix-8-47-mm-amoled,Garmin,Fenix 8 – 47 mm  AMOLED,watch,1,
missing,garmin-fenix-8-47-mm-amoled-sapphire-carbon,Garmin,Fenix 8 – 47 mm  AMOLED Sapphire Carbon,watch,1,
missing,garmin-fenix-8-47-mm-amoled-sapphire-spark,Garmin,Fenix 8 – 47 mm  AMOLED Sapphire Spark,watch,1,
missing,garmin-fenix-8-47-mm-amoled-sapphire-with-vented-bracelet,Garmin,Fenix 8 47mm AMOLED,watch,1,
missing,garmin-fenix-8-pro-47-mm-amoled,Garmin,Fenix 8 Pro – 47 mm  AMOLED,watch,1,
missing,garmin-fenix-8-pro-51-mm-amoled,Garmin,Fenix 8 Pro – 51 mm  AMOLED,watch,1,
missing,garmin-fenix-9-51mm-carbon-dlc-band,Garmin,Fenix 9  51mm  Carbon DLC  Band,watch,1,
missing,garmin-fenix-9-pro-47mm-amoled-carbon-dlc,Garmin,Fenix 9 Pro 47mm  AMOLED  Carbon DLC,watch,1,
missing,garmin-forerunner-170,Garmin,Forerunner 170,watch,1,
missing,garmin-forerunner-170-music,Garmin,Forerunner 170 Music,watch,1,
missing,garmin-forerunner-170-music-whitestone,Garmin,Forerunner 170 Music Whitestone,watch,1,
missing,garmin-forerunner-170-whitestone,Garmin,Forerunner 170 Whitestone,watch,1,
missing,garmin-forerunner-570,Garmin,Forerunner 570,watch,1,
missing,garmin-forerunner-70,Garmin,Forerunner 70,watch,1,
missing,garmin-forerunner-70-citron,Garmin,Forerunner 70 Citron,watch,1,
missing,garmin-forerunner-70-whitestone,Garmin,Forerunner 70 Whitestone,watch,1,
missing,garmin-forerunner-965-black-powder,Garmin,Garmin Forerunner 965 Black/Powder Grey,watch,1,
missing,garmin-forerunner-970,Garmin,Garmin Forerunner 970 Black,watch,1,
missing,garmin-forerunner-970-010-02969-10,Garmin,Forerunner 970 010-02969-10,watch,1,
missing,garmin-instinct-2x-solar,Garmin,Instinct 2X Solar,watch,1,
missing,garmin-instinct-2x-solar-moss,Garmin,Instinct 2X Solar Moss,watch,1,
missing,garmin-instinct-2x-solar-tactical-edition,Garmin,Instinct 2X Solar – Tactical Edition,watch,1,
missing,garmin-instinct-3-45-mm-amoled,Garmin,Instinct 3 – 45 mm  AMOLED,watch,1,
missing,garmin-instinct-3-45-mm-solar,Garmin,Instinct 3 – 45 mm  Solar,watch,1,
missing,garmin-instinct-3-50mm-amoled,Garmin,Instinct 3  50mm AMOLED,watch,1,
missing,garmin-instinct-3-50mm-solar,Garmin,Instinct 3  50mm Solar,watch,1,
missing,garmin-instinct-3-amoled-45-mm,Garmin,Instinct 3 amoled 45 mm,watch,1,
missing,garmin-venu-3-leather,Garmin,Venu 3 leather,watch,1,
missing,garmin-venu-3-with-leather,Garmin,Venu 3 with Leather,watch,1,
missing,garmin-venu-3s-french,Garmin,Venu 3s French,watch,1,
missing,garmin-venu-4-41-mm,Garmin,Venu 4 - 41 mm,watch,1,
missing,garmin-venu-x1-gps,Garmin,Venu X1  GPS,watch,1,
missing,garmin-venu-x1-gps-moss,Garmin,Venu X1  GPS  Moss,watch,1,
missing,garmin-venu-x1-moss,Garmin,Venu X1 Moss,watch,1,
missing,garmin-vivoactive-5,Garmin,Vivoactive 5,watch,1,
missing,garmin-vivoactive-5-metallic-orchid,Garmin,vivoactive 5 Metallic orchid,watch,1,
missing,garmin-vivoactive-6,Garmin,Garmin vivoactive 6 Lunar Gold,watch,1,
missing,google-pixel-10-pro-fold-gu0np,Google,Pixel 10 Pro Fold /GU0NP,phone,1,
missing,google-pixel-9,Google,Pixel 9,phone,1,
missing,google-pixel-9-pro,Google,Pixel 9 Pro,phone,1,
missing,google-pixel-9-pro-xl,Google,Pixel 9 Pro XL,phone,1,
missing,hisense-100e7q-pro,Hisense,100E7Q PRO,tv,1,
missing,hisense-110uxnq,Hisense,110UXNQ,tv,1,
missing,hisense-116uxq,Hisense,116UXQ,tv,1,
missing,hisense-32a4n,Hisense,32A4N,tv,1,
missing,hisense-32a4q,Hisense,32A4Q,tv,1,
missing,hisense-32a5s,Hisense,32A5S,tv,1,
missing,hisense-40a4n,Hisense,40A4N,tv,1,
missing,hisense-40a4q,Hisense,40A4Q,tv,1,
missing,hisense-40a4s,Hisense,40A4S,tv,1,
missing,hisense-40a5q,Hisense,40A5Q,tv,1,
missing,hisense-40a5s,Hisense,40A5S,tv,1,
missing,hisense-43a6n,Hisense,43A6N,tv,1,
missing,hisense-43a6q,Hisense,43A6Q,tv,1,
missing,hisense-43a7kq,Hisense,43A7KQ,tv,1,
missing,hisense-43a7s,Hisense,43A7S,tv,1,
missing,hisense-43e7nq,Hisense,43E7NQ,tv,1,
missing,hisense-43e7q,Hisense,43E7Q,tv,1,
missing,hisense-43e7s,Hisense,43E7S,tv,1,
missing,hisense-50a6q,Hisense,50A6Q,tv,1,
missing,hisense-50a6s,Hisense,50A6S,tv,1,
missing,hisense-50a7nq,Hisense,50A7NQ,tv,1,
missing,hisense-50a7s,Hisense,50A7S,tv,1,
missing,hisense-50e7q,Hisense,50E7Q,tv,1,
missing,hisense-50e7s,Hisense,50E7S,tv,1,
missing,hisense-50u7q,Hisense,50U7Q.,tv,1,
missing,hisense-55a6n,Hisense,55A6N,tv,1,
missing,hisense-55a6q,Hisense,55A6Q,tv,1,
missing,hisense-55a7q,Hisense,55A7Q,tv,1,
missing,hisense-55a7s,Hisense,55A7S,tv,1,
missing,hisense-55e7q,Hisense,55E7Q,tv,1,
missing,hisense-55e7q-pro,Hisense,55E7Q PRO,tv,1,
missing,hisense-55e7s,Hisense,55E7S,tv,1,
missing,hisense-55e8s,Hisense,55E8S,tv,1,
missing,hisense-55u7q,Hisense,55U7Q.,tv,1,
missing,hisense-55u7q-pro,Hisense,55U7Q PRO,tv,1,
missing,hisense-55u7s-pro,Hisense,55U7S PRO,tv,1,
missing,hisense-55u8q,Hisense,55U8Q,tv,1,
missing,hisense-58a6q,Hisense,58A6Q,tv,1,
missing,hisense-58e7q,Hisense,58E7Q,tv,1,
missing,hisense-65a6q,Hisense,65A6Q,tv,1,
missing,hisense-65a6s,Hisense,65A6S,tv,1,
missing,hisense-65a7nq,Hisense,65A7NQ,tv,1,
missing,hisense-65a7q,Hisense,65A7Q,tv,1,
missing,hisense-65a7s,Hisense,65A7S,tv,1,
missing,hisense-65a85h,Hisense,65A85H,tv,1,
missing,hisense-65a85k,Hisense,65A85K,tv,1,
missing,hisense-65e7q,Hisense,65E7Q.,tv,1,
missing,hisense-65e7q-pro,Hisense,65E7Q PRO,tv,1,
missing,hisense-65e7s,Hisense,65E7S,tv,1,
missing,hisense-65e8s,Hisense,65E8S,tv,1,
missing,hisense-65u7hq,Hisense,65U7HQ,tv,1,
missing,hisense-65u7q,Hisense,65U7Q.,tv,1,
missing,hisense-65u7q-pro,Hisense,65U7Q PRO,tv,1,
missing,hisense-65u7s-pro,Hisense,65U7S PRO,tv,1,
missing,hisense-65u8q,Hisense,65U8Q,tv,1,
missing,hisense-65ur8s,Hisense,65UR8S,tv,1,
missing,hisense-65uxkq,Hisense,65UXKQ,tv,1,
missing,hisense-75a6q,Hisense,75A6Q,tv,1,
missing,hisense-75e7q,Hisense,75E7Q,tv,1,
missing,hisense-75e7q-pro,Hisense,75E7Q PRO,tv,1,
missing,hisense-75e7s,Hisense,75E7S,tv,1,
missing,hisense-75e8s,Hisense,75E8S,tv,1,
missing,hisense-75u7q,Hisense,75U7Q,tv,1,
missing,hisense-75u7q-pro,Hisense,75U7Q PRO,tv,1,
missing,hisense-75u7s-pro,Hisense,75U7S PRO,tv,1,
missing,hisense-75ur8s,Hisense,75UR8S,tv,1,
missing,hisense-75ur9s,Hisense,75UR9S,tv,1,
missing,hisense-85a6bg,Hisense,85A6BG,tv,1,
missing,hisense-85a6q,Hisense,85A6Q,tv,1,
missing,hisense-85e7q,Hisense,85E7Q,tv,1,
missing,hisense-85e7s,Hisense,85E7S,tv,1,
missing,hisense-85e8s,Hisense,85E8S,tv,1,
missing,hisense-85u7q,Hisense,85U7Q,tv,1,
missing,hisense-85u7s-pro,Hisense,85U7S PRO,tv,1,
missing,honor-200,Honor,200,phone,1,
missing,honor-200-lite-5g,Honor,200 Lite 5G,phone,1,
missing,honor-200lite,Honor,200Lite,phone,1,
missing,honor-5-stl-b19-5502abgj,Honor,5 STL-B19 /5502ABGJ,watch,1,
missing,honor-band-6,Honor,Band 6,watch,1,
missing,honor-choice-2i-kch-wb01-5504acgm,Honor,Choice 2i KCH-WB01 /5504ACGM,watch,1,
missing,honor-choice-2i-kch-wb01-5504acgn,Honor,Choice 2i KCH-WB01 /5504ACGN,watch,1,
missing,honor-choice-clip-mak-me01,Honor,Choice Clip MAK-ME01,headphones,1,
missing,honor-choice-earbuds-x3,Honor,Choice Earbuds X3,earbuds,1,
missing,honor-choice-earbuds-x5,Honor,Choice Earbuds X5,earbuds,1,
missing,honor-choice-earbuds-x7e-ast-me00,Honor,Choice Earbuds X7e AST-ME00,earbuds,1,
missing,honor-choice-headphones-me01,Honor,Choice Headphones ME01,headphones,1,
missing,honor-choice-infowear-2i-kch-wb01,Honor,CHOICE INFOWEAR 2i KCH-WB01,watch,1,
missing,honor-choice-ros-me01,Honor,CHOICE ROS-ME01,headphones,1,
missing,honor-choice-x7-lite,Honor,CHOICE X7 lite,headphones,1,
missing,honor-earbuds-x6,Honor,Earbuds X6,earbuds,1,
missing,honor-magic-8-pro,Honor,Magic 8 Pro,phone,1,
missing,honor-magic7,Honor,Magic7,phone,1,
missing,honor-magicbook-pro-16-3k-core-ultra-5-125h-ram-1t-win11,Honor,MagicBook Pro 16 3K,laptop,1,
missing,honor-magicbook-pro-16-ultra-5-125h-24-1-w11h-5301ajje,Honor,MagicBook Pro 16 (24GB),laptop,1,
missing,honor-magicbook-pro-16-ultra-5-125h-24-1-w11h-5301ajjg,Honor,MagicBook Pro 16 (24GB),laptop,1,
missing,honor-magicbook-x16-2025,Honor,MagicBook X16 2025,laptop,1,
missing,honor-magicbook-x16-2026-16-wuxga-ssd1tb,Honor,MagicBook X16 2026 16" WUXGA /SSD1TB,laptop,1,
missing,honor-magicbook-x16-2026-ultra-5,Honor,MagicBook X16 2026 Ultra 5,laptop,1,
missing,honor-pad-8,Honor,Pad 8,tablet,1,
missing,honor-pad-9-5g,Honor,Pad 9 5G,tablet,1,
missing,honor-pad-x7-jms-w09,Honor,Pad X7 JMS-W09,tablet,1,
missing,honor-pad-x7-lte-jms-l09,Honor,Pad X7 LTE JMS-L09,tablet,1,
missing,honor-pad-x8b-ndl2-l09,Honor,Pad X8b NDL2-L09,tablet,1,
missing,honor-pad-x8b-ndl2-w09,Honor,Pad X8b NDL2-W09,tablet,1,
missing,honor-watch-gs-3-rubber,Honor,Watch GS 3 Rubber,watch,1,
missing,honor-x5b-plus,Honor,X5b Plus,phone,1,
missing,honor-x6c,Honor,X6c,phone,1,
missing,honor-x7b,Honor,X7b,phone,1,
missing,honor-x8,Honor,X8,phone,1,
missing,hp-15-fd0055,HP,15-FD0055,laptop,1,
missing,hp-15-fd0355nia,HP,15-FD0355NIA,laptop,1,
missing,hp-15-fd0883nr,HP,15-FD0883NR,laptop,1,
missing,hp-elitebook-640-g10,HP,EliteBook 640 G10,laptop,1,
missing,hp-elitebook-8-flip-g1i-13-3-ultra-5-225u-w11p-a37fyet,HP,EliteBook 8 Flip G1i,laptop,1,
missing,hp-envy-16-h1023dx-touch-7z0p3ua,HP,Envy 16-h1023dx Touch 7Z0P3UA,laptop,1,
missing,hp-envy-16-h1053dx-touch-9u360ua,HP,Envy 16-h1053dx Touch 9U360UA,laptop,1,
missing,hp-envy-hayden-22c1,HP,ENVY Hayden 22C1,laptop,1,
missing,hp-envy-pc-7x9x5ea,HP,Envy PC 7X9X5EA,desktop,1,
missing,hp-envy-rechargeable-mouse-500,HP,Envy Rechargeable Mouse 500,laptop,1,
missing,hp-g10-470g10,HP,G10 470G10,laptop,1,
missing,hp-omnibook-5-16-ba1000ci,HP,OmniBook 5 16-ba1000ci,laptop,1,
missing,hp-omnibook-5-16-ultra-5-225u-16-1-bm0q2ea,HP,OmniBook 5 16,laptop,1,
missing,hp-omnibook-5-16-ultra-7-255u-16-1-bk9y8ea,HP,OmniBook 5 16 (Ultra 7),laptop,1,
missing,hp-omnibook-5-ai-16-af1003ci-ultra,HP,OmniBook 5 AI 16-af1003ci Ultra,laptop,1,
missing,hp-pc-maokong24i1c23,HP,PC Maokong24I1C23,desktop,1,
missing,hp-probook-450-g10-85c38ea,HP,ProBook 450 G10 85C38EA,laptop,1,
missing,hp-probook-450-g9-7c196pa,HP,ProBook 450 G9 7C196PA,laptop,1,
missing,hp-victus-15-fa0018nq,HP,Victus 15 FA0018NQ,laptop,1,
missing,hp-victus-15-fa0020nq,HP,Victus 15 FA0020NQ,laptop,1,
missing,hp-victus-15-fa0033dx-9t9r8ua,HP,Victus 15-fa0033dx 9T9R8UA,laptop,1,
missing,hp-victus-clamshell-roaree-24c1,HP,Victus Clamshell Roaree 24C1,laptop,1,
missing,huawei-matepad-t10,Huawei,MatePad T10,tablet,1,
missing,jbl-boombox-3,JBL,Boombox 3,speaker,1,
missing,jbl-boombox-3-squad,JBL,Boombox 3 Squad,speaker,1,
missing,jbl-boombox-3-wi-fi,JBL,Boombox 3 Wi-Fi,speaker,1,
missing,jbl-clip-4,JBL,Clip 4,speaker,1,
missing,jbl-clip-4-squad,JBL,Clip 4 Squad,speaker,1,
missing,jbl-flip-6,JBL,Flip 6,speaker,1,
missing,jbl-flip-6-squared,JBL,Flip 6 Squared,speaker,1,
missing,jbl-flip-6-star,JBL,Flip 6 Star,speaker,1,
missing,jbl-go-3,JBL,Go 3,speaker,1,
missing,jbl-go-3-squad,JBL,Go 3 Squad,speaker,1,
missing,jbl-live-460-nc,JBL,Live 460 NC,headphones,1,
missing,jbl-live-660-nc,JBL,Live 660 NC,headphones,1,
missing,jbl-live-770-nc,JBL,Live 770 NC,headphones,1,
missing,jbl-live-flex,JBL,Live Flex,headphones,1,
missing,jbl-live-pro-2-twc,JBL,Live Pro 2 TWC,headphones,1,
missing,jbl-live-pro-2-tws,JBL,Live Pro 2 TWS,headphones,1,
missing,jbl-partybox-110,JBL,PartyBox 110,speaker,1,
missing,jbl-partybox-310,JBL,PartyBox 310,speaker,1,
missing,jbl-partybox-710,JBL,PartyBox 710,speaker,1,
missing,jbl-partybox-club-120,JBL,PartyBox Club 120,speaker,1,
missing,jbl-partybox-stage-320,JBL,PartyBox Stage 320,speaker,1,
missing,jbl-quantum-200-wired,JBL,Quantum 200 Wired,headphones,1,
missing,jbl-quantum-300,JBL,Quantum 300,headphones,1,
missing,jbl-tune,JBL,Tune,earbuds,1,
missing,jbl-tune-125-tws,JBL,Tune 125 TWS,headphones,1,
missing,jbl-tune-130-tws,JBL,Tune 130 TWS,headphones,1,
missing,jbl-tune-215-tws,JBL,Tune 215 TWS,headphones,1,
missing,jbl-tune-230-nc-tws,JBL,Tune 230 NC TWS,headphones,1,
missing,jbl-tune-230-tws,JBL,Tune 230 TWS,headphones,1,
missing,jbl-tune-500-wired,JBL,Tune 500 Wired,headphones,1,
missing,jbl-tune-520-bt,JBL,Tune 520 BT,headphones,1,
missing,jbl-tune-670-nc,JBL,Tune 670 NC,headphones,1,
missing,jbl-tune-720-bt,JBL,Tune 720 BT,headphones,1,
missing,jbl-tune-760-nc,JBL,Tune 760 NC,headphones,1,
missing,jbl-tune-beam,JBL,Tune Beam,headphones,1,
missing,jbl-tune-flex,JBL,Tune Flex,headphones,1,
missing,jbl-tune-ghost,JBL,Tune Ghost,earbuds,1,
missing,jbl-wave,JBL,Wave,earbuds,1,
missing,jbl-xtreme-3,JBL,Xtreme 3,speaker,1,
missing,jbl-xtreme-3-camouflage,JBL,Xtreme 3 Camouflage,speaker,1,
missing,jbl-xtreme-4-squad,JBL,Xtreme 4 Squad,speaker,1,
missing,lenovo-82vg00wxus,Lenovo,82VG00WXUS,laptop,1,
missing,lenovo-82xb00hvus,Lenovo,82XB00HVUS,laptop,1,
missing,lenovo-82yu016tpb,Lenovo,82YU016TPB,laptop,1,
missing,lenovo-83b40008us,Lenovo,83B40008US,laptop,1,
missing,lenovo-83f00005us,Lenovo,83F00005US,laptop,1,
missing,lenovo-83l7002nus,Lenovo,83L7002NUS,laptop,1,
missing,lenovo-83lk0001us,Lenovo,83LK0001US,laptop,1,
missing,lenovo-83lk00cvus,Lenovo,83LK00CVUS,laptop,1,
missing,lenovo-ideacentre-aio-23-8-24irh-9,Lenovo,IdeaCentre AIO 23. 8" 24IRH 9,desktop,1,
missing,lenovo-ideacentre-aio-24irh9,Lenovo,IdeaCentre AIO 24IRH9,desktop,1,
missing,lenovo-ideacentre-aio-27irh-9-27,Lenovo,IdeaCentre AIO 27IRH 9 27",desktop,1,
missing,lenovo-ideapad-1-15iru7,Lenovo,IdeaPad 1 15IRU7,laptop,1,
missing,lenovo-ideapad-1-15iru7-16gb,Lenovo,IdeaPad 1 15IRU7(16GB),laptop,1,
missing,lenovo-ideapad-5-2-in-1-14iru9,Lenovo,IdeaPad 5 2-in-1 14IRU9,laptop,1,
missing,lenovo-ideapad-5-2-in-1-touch-w11-83ds0056us,Lenovo,IdeaPad 5 2-in 1  Touch  W11  83DS0056US,laptop,1,
missing,lenovo-ideapad-pro-5-16irh8,Lenovo,IdeaPad Pro 5 16IRH8,laptop,1,
missing,lenovo-ideapad-slim-3-15-6-w11-abyss-bl-82xq012hus,Lenovo,IdeaPad Slim 3 15AMN8,laptop,1,
missing,lenovo-ideapad-slim-3-15ian8,Lenovo,IdeaPad Slim 3 15IAN8,laptop,1,
missing,lenovo-ideapad-slim-3-15ian8-128gb,Lenovo,IdeaPad Slim 3 15IAN8(128GB),laptop,1,
missing,lenovo-ideapad-slim-3-15iru10,Lenovo,IdeaPad Slim 3 15IRU10,laptop,1,
missing,lenovo-ideapad-slim-3-16irh10,Lenovo,IdeaPad Slim 3 16IRH10,laptop,1,
missing,lenovo-ideapad-slim-3-ryzen-7-8840hs-83ka000qus-touch-bklit-w11,Lenovo,IdeaPad Slim 3 (Ryzen 7),laptop,1,
missing,lenovo-ideapad-slim-5-14irh10,Lenovo,IdeaPad Slim 5 14IRH10,laptop,1,
missing,lenovo-ideapad-slim-5-14irh10r,Lenovo,IdeaPad Slim 5 14IRH10R,laptop,1,
missing,lenovo-ideapad-slim-5-16irh10-16-i5-13420h-tb,Lenovo,IdeaPad Slim 5 16IRH10 16" i5-13420H /TB,laptop,1,
missing,lenovo-ideapad-slim-516irh10,Lenovo,IdeaPad Slim 516IRH10,laptop,1,
missing,lenovo-ideapad-slim-5i-core-7-240h-83j1002sus,Lenovo,IdeaPad Slim 5i  Core 7 240H  83J1002SUS,laptop,1,
missing,lenovo-legion-5-pro-16-irx9,Lenovo,Legion 5 Pro 16 IRX9,laptop,1,
missing,lenovo-legion-pro-5-slim,Lenovo,Legion Pro 5 Slim,laptop,1,
missing,lenovo-legion-slim-5-14-aph8-oled-82y5000aus,Lenovo,Legion Slim 5 14 APH8 OLED 82Y5000AUS,laptop,1,
missing,lenovo-loq-15-arp9-83jc0000us,Lenovo,LOQ 15 ARP9 83JC0000US,laptop,1,
missing,lenovo-loq-15iax9,Lenovo,LOQ 15IAX9,laptop,1,
missing,lenovo-loq-15irx10,Lenovo,LOQ 15IRX10,laptop,1,
missing,lenovo-loq-tower-17-irr9-90x0002mgh,Lenovo,LOQ Tower 17 IRR9 90X0002MGH,laptop,1,
missing,lenovo-tab-m9-tb310xu-acc-zac50096ru,Lenovo,Tab M9 TB310XU ACC ZAC50096RU,tablet,1,
missing,lenovo-think-book-14-g8-irl,Lenovo,Think Book 14 G8 IRL,laptop,1,
missing,lenovo-thinkbook-16-g8-irl,Lenovo,ThinkBOOK 16 G8 IRL,laptop,1,
missing,lenovo-thinkpad-e16-gen-1-21jn001qgp,Lenovo,ThinkPad E16 Gen 1 21JN001QGP,laptop,1,
missing,lenovo-thinkpad-e16-gen-2-21ma002xrt,Lenovo,ThinkPad E16 Gen 2 21MA002XRT,laptop,1,
missing,lenovo-thinkpad-e16-gen-2-21ma004vrt,Lenovo,ThinkPad E16 Gen 2 21MA004VRT,laptop,1,
missing,lenovo-thinkpad-t16-g4-16-ultra-7-255u-21qe0066fw,Lenovo,ThinkPad T16 G4,laptop,1,
missing,lenovo-thinkpad-t16-gen-2-21hh005agq,Lenovo,ThinkPad T16 Gen 2 21HH005AGQ,laptop,1,
missing,lenovo-yoga-9-13imu9,Lenovo,Yoga 9 13IMU9,laptop,1,
missing,lenovo-yoga-9-14ill10,Lenovo,Yoga 9 14ILL10,laptop,1,
missing,lenovo-yoga-pro-7-14-ahp9-83e3002ark,Lenovo,Yoga Pro 7 14 AHP9 83E3002ARK,laptop,1,
missing,lenovo-yoga-pro-9-16imh9,Lenovo,Yoga Pro 9 16IMH9,laptop,1,
missing,lenovo-yoga-pro-9-16imh9-83dn002rrk-mini-led,Lenovo,Yoga Pro 9 16IMH9 83DN002RRK Mini LED,laptop,1,
missing,lg-24g411a-b,LG,24G411A-B,monitor,1,
missing,lg-24gs50f-b,LG,24GS50F-B,monitor,1,
missing,lg-24u411a-b,LG,24U411A-B,monitor,1,
missing,lg-27gs50f-b,LG,27GS50F-B,monitor,1,
missing,lg-27sr50f-w,LG,27SR50F-W,monitor,1,
missing,lg-27u421a-b,LG,27U421A-B,monitor,1,
missing,lg-27u511sa-w,LG,27U511SA-W,monitor,1,
missing,lg-29u531a-w,LG,29U531A-W,monitor,1,
missing,lg-32sr50f-w,LG,32SR50F-W,monitor,1,
missing,lg-32ur500k-b,LG,32UR500K-B,monitor,1,
missing,lg-34gp63a-b,LG,34GP63A-B,monitor,1,
missing,lg-43nano766qa,LG,43NANO766QA,tv,1,
missing,lg-43uq81006lb,LG,43UQ81006LB,tv,1,
missing,lg-55nano766qa,LG,55NANO766QA,tv,1,
missing,lg-55nano816na,LG,55NANO816NA,tv,1,
missing,lg-55qned816ra,LG,55QNED816RA,tv,1,
missing,lg-55ur81006lj,LG,55UR81006LJ,tv,1,
missing,lg-65nano766qa,LG,65NANO766QA,tv,1,
missing,lg-oled55b4rla,LG,OLED55B4RLA,tv,1,
missing,lg-oled65b4rla,LG,OLED65B4RLA,tv,1,
missing,marshall-acton-3,Marshall,Acton 3,speaker,1,
missing,marshall-acton-iii,Marshall,Acton III,speaker,1,
missing,marshall-middleton,Marshall,Middleton,speaker,1,
missing,marshall-uxbridge-google,Marshall,Uxbridge Google,speaker,1,
missing,marshall-willen-ii,Marshall,Willen II,speaker,1,
missing,marshall-woburn-3,Marshall,Woburn 3,speaker,1,
missing,marshall-woburn-iii,Marshall,Woburn III,speaker,1,
missing,microsoft-surface-4,Microsoft,Surface 4,laptop,1,
missing,microsoft-surface-go-2,Microsoft,Surface Go 2,laptop,1,
missing,microsoft-xbox,Microsoft,Xbox,headphones,1,
missing,msi-cyborg-15-a12vf-043us,MSI,Cyborg 15 A12VF 043US,laptop,1,
missing,msi-cyborg-15-a13uc-821xae,MSI,Cyborg 15 A13UC-821XAE,laptop,1,
missing,msi-cyborg-15-a13ve-218us,MSI,Cyborg 15 A13VE-218US,laptop,1,
missing,msi-modern-15-a11mu-1006xge,MSI,Modern 15 A11MU 1006XGE,laptop,1,
missing,msi-modern-15-b11m-006xge,MSI,Modern 15 B11M 006XGE,laptop,1,
missing,msi-modern-15-b5m-008xge,MSI,MODERN 15 B5M-008XGE,laptop,1,
missing,nothing-6974434224179,Nothing,6974434224179,headphones,1,
missing,nothing-cmf-3-pro-6974434225312,Nothing,CMF 3 Pro /6974434225312,watch,1,
missing,nothing-cmf-pro-2,Nothing,CMF PRO 2,watch,1,
missing,nothing-ear-open-b182,Nothing,Ear Open B182,headphones,1,
missing,nothing-phone-2,Nothing,Phone 2,phone,1,
missing,oppo-reno-a18,OPPO,Reno A18,phone,1,
missing,oppo-reno-a38,OPPO,Reno A38,phone,1,
missing,oppo-reno-a58,OPPO,Reno A58,phone,1,
missing,oppo-reno-a78,OPPO,Reno A78,phone,1,
missing,oppo-reno8t,OPPO,Reno8T,phone,1,
missing,philips-24-usb-c-24e1n3300a-00,Philips,24" USB-C 24E1N3300A/00,monitor,1,
missing,poco-c81-pro,POCO,C81 Pro,phone,1,
missing,poco-f7-pro,POCO,F7 Pro,phone,1,
missing,poco-m7,POCO,M7,phone,1,
missing,poco-m8-5g,POCO,M8 5G,phone,1,
missing,poco-x8-pro-5g,POCO,X8 Pro 5G,phone,1,
missing,poco-x8-pro-max-5g,POCO,X8 Pro Max 5G,phone,1,
missing,samsung-27d300gau,Samsung,27D300GAU,monitor,1,
missing,samsung-a15,Samsung,A15,phone,1,
missing,samsung-a165,Samsung,A165,phone,1,
missing,samsung-a25,Samsung,A25,phone,1,
missing,samsung-a366,Samsung,A366,phone,1,
missing,samsung-eo-ic100-usb-type-c,Samsung,EO-IC100  USB Type-C,headphones,1,
missing,samsung-galaxy-3-fe,Samsung,Galaxy 3 FE,earbuds,1,
missing,samsung-galaxy-6-classic-43mm-r950,Samsung,Galaxy 6 Classic 43mm R950,watch,1,
missing,samsung-galaxy-7-ultra-47mm-sm-l705f,Samsung,Galaxy 7 Ultra 47mm /SM-L705F,watch,1,
missing,samsung-galaxy-9-40mm,Samsung,Galaxy 9 40mm,watch,1,
missing,samsung-galaxy-9-44mm,Samsung,Galaxy 9 44mm,watch,1,
missing,samsung-galaxy-a34,Samsung,Galaxy A34,phone,1,
missing,samsung-galaxy-a35,Samsung,Galaxy A35,phone,1,
missing,samsung-galaxy-active-2,Samsung,Galaxy Active 2,watch,1,
missing,samsung-galaxy-book-4-np750xgk-ks2us,Samsung,Galaxy Book 4 NP750XGK-KS2US,laptop,1,
missing,samsung-galaxy-buds-live,Samsung,Galaxy Buds Live,earbuds,1,
missing,samsung-galaxy-fe,Samsung,Galaxy FE,watch,1,
missing,samsung-galaxy-tab-a8-10-5-x200,Samsung,Galaxy Tab A8 10.5 X200,tablet,1,
missing,samsung-galaxy-tab-a8-10-5-x205,Samsung,Galaxy Tab A8 10.5 X205,tablet,1,
missing,samsung-galaxy-tab-s9-fe-x510,Samsung,Galaxy Tab S9 FE X510,tablet,1,
missing,samsung-galaxy-tab-s9-fe-x516,Samsung,Galaxy Tab S9 FE X516,tablet,1,
missing,samsung-galaxy-tab-s9-ultra,Samsung,Galaxy Tab S9 Ultra,tablet,1,
missing,samsung-galaxy-ultra-47mm-2024,Samsung,Galaxy Ultra 47mm 2024,watch,1,
missing,samsung-galaxy-ultra-47mm-2025,Samsung,Galaxy Ultra 47mm 2025,watch,1,
missing,samsung-galaxy-watch-3-41mm,Samsung,Galaxy Watch 3 41mm,watch,1,
missing,samsung-galaxy-watch-fit-3,Samsung,Galaxy Watch Fit 3,watch,1,
missing,samsung-galaxy-watch-ultra-47mm-lte,Samsung,Galaxy Watch Ultra 47mm LTE,watch,1,
missing,samsung-galaxy-watch4-40-mm,Samsung,Galaxy Watch4 40 mm,watch,1,
missing,samsung-galaxy-watch4-44mm,Samsung,Galaxy Watch4 44mm,watch,1,
missing,samsung-galaxy-watch8-classic-l500,Samsung,Galaxy Watch8 Classic L500,watch,1,
missing,samsung-ls24d304gau,Samsung,LS24D304GAU,monitor,1,
missing,samsung-ls27bg400euxen,Samsung,LS27BG400EUXEN,monitor,1,
missing,samsung-ls27bg650eu,Samsung,LS27BG650EU,monitor,1,
missing,samsung-ls27dg300eu,Samsung,LS27DG300EU,monitor,1,
missing,samsung-ls32cg554eu,Samsung,LS32CG554EU,monitor,1,
missing,samsung-ls32d700eau,Samsung,LS32D700EAU,monitor,1,
missing,samsung-ls32fm700uu,Samsung,LS32FM700UU,monitor,1,
missing,samsung-ls34c500gau,Samsung,LS34C500GAU,monitor,1,
missing,samsung-mre55r85hauxpy,Samsung,MRE55R85HAUXPY,tv,1,
missing,samsung-mre75r95hauxpy,Samsung,MRE75R95HAUXPY,tv,1,
missing,samsung-odyssey-ark-55-ls55cg97wnixci,Samsung,Odyssey Ark 55” LS55CG97WNIXCI,monitor,1,
missing,samsung-odyssey-g3-24-s24ag304nr,Samsung,Odyssey G3 24” S24AG304NR,monitor,1,
missing,samsung-odyssey-g4-ls25bg400eixci,Samsung,Odyssey G4 LS25BG400EIXCI,monitor,1,
missing,samsung-odyssey-g5-s32cg552eu,Samsung,Odyssey G5 S32CG552EU,monitor,1,
missing,samsung-odyssey-g8-oled-34-s34bg850su,Samsung,Odyssey G8 OLED 34” S34BG850SU,tv,1,
missing,samsung-original-galaxy-3-r530,Samsung,Original Galaxy 3 R530,headphones,1,
missing,samsung-qe43qn70hauxpy,Samsung,QE43QN70HAUXPY,tv,1,
missing,samsung-qe48s90faexru,Samsung,QE48S90FAEXRU,tv,1,
missing,samsung-qe48s90haexpy,Samsung,QE48S90HAEXPY,tv,1,
missing,samsung-qe50qn70hauxpy,Samsung,QE50QN70HAUXPY,tv,1,
missing,samsung-qe55ls03bauxce,Samsung,QE55LS03BAUXCE,tv,1,
missing,samsung-qe55qn80hauxpy,Samsung,QE55QN80HAUXPY,tv,1,
missing,samsung-qe55s85haexpy,Samsung,QE55S85HAEXPY,tv,1,
missing,samsung-qe55s90hauxpy,Samsung,QE55S90HAUXPY,tv,1,
missing,samsung-qe65q7faauxru,Samsung,QE65Q7FAAUXRU,tv,1,
missing,samsung-qe65qn80hauxpy,Samsung,QE65QN80HAUXPY,tv,1,
missing,samsung-qe65qn900duxru,Samsung,QE65QN900DUXRU,tv,1,
missing,samsung-qe65qn990fuxru,Samsung,QE65QN990FUXRU,tv,1,
missing,samsung-qe65s85haexpy,Samsung,QE65S85HAEXPY,tv,1,
missing,samsung-qe65s95hauxpy,Samsung,QE65S95HAUXPY,tv,1,
missing,samsung-qe75qn70hauxpy,Samsung,QE75QN70HAUXPY,tv,1,
missing,samsung-qe77s90faexru,Samsung,QE77S90FAEXRU,tv,1,
missing,samsung-qe83s90daexru,Samsung,QE83S90DAEXRU,tv,1,
missing,samsung-qe83s90haexpy,Samsung,QE83S90HAEXPY,tv,1,
missing,samsung-qe85qn800auxru,Samsung,QE85QN800AUXRU,tv,1,
missing,samsung-qe85qn90bauxce,Samsung,QE85QN90BAUXCE,tv,1,
missing,samsung-qe85qn90cauxru,Samsung,QE85QN90CAUXRU,tv,1,
missing,samsung-s27d402g,Samsung,S27D402G,monitor,1,
missing,samsung-ue32f6000fuxru,Samsung,UE32F6000FUXRU,tv,1,
missing,samsung-ue55m80hauxpy,Samsung,UE55M80HAUXPY,tv,1,
missing,samsung-ue65m70hauxpy,Samsung,UE65M70HAUXPY,tv,1,
missing,samsung-ue75m70hauxpy,Samsung,UE75M70HAUXPY,tv,1,
missing,samsung-ue85m80hauxpy,Samsung,UE85M80HAUXPY,tv,1,
missing,samsung-ue98du9000uxru,Samsung,UE98DU9000UXRU,tv,1,
missing,sennheiser-accentum-acaebt,Sennheiser,Accentum ACAEBT,headphones,1,
missing,sennheiser-accentum-plus,Sennheiser,Accentum Plus,headphones,1,
missing,sennheiser-accentum-true-special-edition-atw1-se,Sennheiser,Accentum True Special Edition ATW1 SE,headphones,1,
missing,sennheiser-accentum-true-wireless-atw1,Sennheiser,Accentum True Wireless ATW1,headphones,1,
missing,sennheiser-accentum-wireless-acaebt,Sennheiser,Accentum Wireless ACAEBT,headphones,1,
missing,sennheiser-hd-450bt,Sennheiser,HD 450BT,headphones,1,
missing,sennheiser-hd-599,Sennheiser,HD 599,headphones,1,
missing,sennheiser-hd-620s,Sennheiser,HD 620S,headphones,1,
missing,sennheiser-momentum-m4aebt,Sennheiser,Momentum M4AEBT,headphones,1,
missing,sennheiser-momentum-sport-msport1,Sennheiser,Momentum Sport MSPORT1,headphones,1,
missing,sennheiser-rs-195,Sennheiser,RS 195,headphones,1,
missing,sony-k-55xr50,Sony,K-55XR50,tv,1,
missing,sony-k-65xr50,Sony,K-65XR50,tv,1,
missing,sony-k-65xr70,Sony,K-65XR70,tv,1,
missing,sony-k-65xr80m2,Sony,K-65XR80M2,tv,1,
missing,sony-k-75s30,Sony,K-75S30,tv,1,
missing,sony-k-75xr50,Sony,K-75XR50,tv,1,
missing,sony-k-75xr70,Sony,K-75XR70,tv,1,
missing,sony-kd-50x75wl,Sony,KD-50X75WL,tv,1,
missing,sony-kd-55x85l,Sony,KD-55X85L,tv,1,
missing,sony-kd-65x75wl,Sony,KD-65X75WL,tv,1,
missing,sony-kd-65x85l,Sony,KD-65X85L,tv,1,
missing,sony-playstation-dualsense-ps5,Sony,Playstation DualSense PS5,console,1,
missing,sony-playstation-pulse-elite-wireless-ps5,Sony,Playstation Pulse Elite wireless PS5,headphones,1,
missing,sony-playstation-vr2,Sony,PlayStation VR2,console,1,
missing,sony-playstation-vr2-horizon,Sony,PlayStation VR2 Horizon,console,1,
missing,sony-ps5-backbone,Sony,PS5 BackBone,console,1,
missing,sony-ps5-driving-force-hori-racing-wheel,Sony,PS5 Driving Force Hori Racing Wheel,console,1,
missing,sony-ps5-hd-camera,Sony,PS5 HD Camera,console,1,
missing,sony-ps5-pulse-elite-wireless,Sony,PS5 PULSE Elite Wireless,headphones,1,
missing,sony-ps5-pulse-explore-wireless,Sony,PS5 PULSE Explore Wireless,earbuds,1,
missing,sony-ps5-vr-2,Sony,PS5 VR 2,console,1,
missing,sony-pulse-explore,Sony,PULSE Explore,headphones,1,
missing,sony-wf-1000xm5-bce,Sony,WF-1000XM5/BCE,earbuds,1,
missing,sony-wf-1000xm5-sce,Sony,WF-1000XM5/SCE,earbuds,1,
missing,sony-wf-1000xm5-wireless-headphones,Sony,WF-1000XM5 Wireless Headphones,earbuds,1,
missing,sony-wf-c500-true-wireless,Sony,WF-C500 True Wireless,headphones,1,
missing,sony-wf-c510-b,Sony,WF-C510/B,earbuds,1,
missing,sony-wf-c510-l,Sony,WF-C510/L,earbuds,1,
missing,sony-wf-c510-w,Sony,WF-C510/W,earbuds,1,
missing,sony-wf-c510-yc,Sony,WF-C510/YC,earbuds,1,
missing,sony-wf-c700n-gz-e,Sony,WF-C700N/GZ E,earbuds,1,
missing,sony-wf-c700n-wz-e,Sony,WF-C700N/WZ E,earbuds,1,
missing,sony-wh-ch720,Sony,WH-CH720,headphones,1,
missing,sony-wh-g900n-wz-e,Sony,WH-G900N/WZ E,headphones,1,
missing,sony-whult900n,Sony,WHULT900N,headphones,1,
missing,sony-xperia-10v,Sony,Xperia 10V,phone,1,
missing,tcl-32s5k,TCL,32S5K,tv,1,
missing,tcl-50s5k,TCL,50S5K,tv,1,
missing,toshiba-32v35me,Toshiba,32V35ME,tv,1,
missing,toshiba-32v35re,Toshiba,32V35RE,tv,1,
missing,toshiba-43c350ke,Toshiba,43C350KE,tv,1,
missing,toshiba-43c350le,Toshiba,43C350LE,tv,1,
missing,toshiba-43c350re,Toshiba,43C350RE,tv,1,
missing,toshiba-43c450ke,Toshiba,43C450KE,tv,1,
missing,toshiba-43c450me,Toshiba,43C450ME,tv,1,
missing,toshiba-43m450re,Toshiba,43M450RE,tv,1,
missing,toshiba-43v35re,Toshiba,43V35RE,tv,1,
missing,toshiba-50c350re,Toshiba,50C350RE,tv,1,
missing,toshiba-50m450re,Toshiba,50M450RE,tv,1,
missing,toshiba-50m550le,Toshiba,50M550LE,tv,1,
missing,toshiba-50v37se,Toshiba,50V37SE,tv,1,
missing,toshiba-55c350ne,Toshiba,55C350NE,tv,1,
missing,toshiba-55c350re,Toshiba,55C350RE,tv,1,
missing,toshiba-55c450me,Toshiba,55C450ME,tv,1,
missing,toshiba-55z670me,Toshiba,55Z670ME,tv,1,
missing,toshiba-55z670re,Toshiba,55Z670RE,tv,1,
missing,toshiba-55z680se,Toshiba,55Z680SE,tv,1,
missing,toshiba-65c350re,Toshiba,65C350RE,tv,1,
missing,toshiba-65c450me,Toshiba,65C450ME,tv,1,
missing,toshiba-65z670re,Toshiba,65Z670RE,tv,1,
missing,toshiba-65z680se,Toshiba,65Z680SE,tv,1,
missing,toshiba-65z770re,Toshiba,65Z770RE,tv,1,
missing,toshiba-75c350ne,Toshiba,75C350NE,tv,1,
missing,toshiba-75z670re,Toshiba,75Z670RE,tv,1,
missing,toshiba-85c350ne,Toshiba,85C350NE,tv,1,
missing,toshiba-85m550le,Toshiba,85M550LE,tv,1,
missing,toshiba-85z670me,Toshiba,85Z670ME,tv,1,
missing,whoop-life,Whoop,Life,watch,1,
missing,whoop-mg-life,Whoop,MG life,watch,1,
missing,xiaomi-12-lite,Xiaomi,12 Lite,phone,1,
missing,xiaomi-12x,Xiaomi,12X,phone,1,
missing,xiaomi-13-lite,Xiaomi,13 Lite,phone,1,
missing,xiaomi-14t,Xiaomi,14T,phone,1,
missing,xiaomi-17t,Xiaomi,17T,phone,1,
missing,xiaomi-mi-electric-kettle-pro-2,Xiaomi,Mi Electric Kettle Pro 2,appliance,1,
missing,xiaomi-mi-smart-band-8-active,Xiaomi,Mi Smart Band 8 Active,watch,1,
missing,xiaomi-mi-smart-band-9,Xiaomi,Mi Smart Band 9,watch,1,
missing,xiaomi-mi-smart-kettle-pro-mjhwsh02ym,Xiaomi,Mi Smart Kettle Pro MJHWSH02YM,appliance,1,
missing,xiaomi-poco-c40,Xiaomi,Poco C40,phone,1,
missing,xiaomi-poco-f4,Xiaomi,Poco F4,phone,1,
missing,xiaomi-poco-f5,Xiaomi,Poco F5,phone,1,
missing,xiaomi-poco-f6,Xiaomi,Poco F6,phone,1,
missing,xiaomi-poco-f6-pro,Xiaomi,Poco F6 Pro,phone,1,
missing,xiaomi-poco-m5,Xiaomi,Poco M5,phone,1,
missing,xiaomi-poco-m6,Xiaomi,Poco M6,phone,1,
missing,xiaomi-poco-m6-pro,Xiaomi,Poco M6 Pro,phone,1,
missing,xiaomi-poco-m7-pro-5g,Xiaomi,Poco M7 Pro 5G,phone,1,
missing,xiaomi-poco-m8-5g,Xiaomi,POCO M8 5G,phone,1,
missing,xiaomi-poco-x5-5g,Xiaomi,Poco X5 5G,phone,1,
missing,xiaomi-poco-x5-pro-5g,Xiaomi,Poco X5 Pro 5G,phone,1,
missing,xiaomi-poco-x7,Xiaomi,Poco X7,phone,1,
missing,xiaomi-poco-x7-pro,Xiaomi,Poco X7 Pro,phone,1,
missing,xiaomi-poco-x8-pro-max,Xiaomi,POCO X8 Pro Max,phone,1,
missing,xiaomi-redmi-10-2022,Xiaomi,Redmi 10 2022,phone,1,
missing,xiaomi-redmi-10a,Xiaomi,Redmi 10A,phone,1,
missing,xiaomi-redmi-10c,Xiaomi,Redmi 10C,phone,1,
missing,xiaomi-redmi-12,Xiaomi,Redmi 12,phone,1,
missing,xiaomi-redmi-12c,Xiaomi,Redmi 12C,phone,1,
missing,xiaomi-redmi-13,Xiaomi,Redmi 13,phone,1,
missing,xiaomi-redmi-13c,Xiaomi,Redmi 13C,phone,1,
missing,xiaomi-redmi-15-4g,Xiaomi,Redmi 15 4G,phone,1,
missing,xiaomi-redmi-4-active,Xiaomi,Redmi 4 Active,earbuds,1,
missing,xiaomi-redmi-4-bhr-5846-gl,Xiaomi,Redmi 4 BHR 5846 GL,earbuds,1,
missing,xiaomi-redmi-4-lite,Xiaomi,Redmi 4 Lite,earbuds,1,
missing,xiaomi-redmi-5,Xiaomi,Redmi 5,earbuds,1,
missing,xiaomi-redmi-5-active,Xiaomi,Redmi 5 Active,watch,1,
missing,xiaomi-redmi-8-active-bhr08jtgl,Xiaomi,Redmi 8 Active BHR08JTGL,headphones,1,
missing,xiaomi-redmi-8-active-bhr08jugl,Xiaomi,Redmi 8 Active BHR08JUGL,headphones,1,
missing,xiaomi-redmi-8-lite,Xiaomi,Redmi 8 Lite,headphones,1,
missing,xiaomi-redmi-8-lite-bhr08olgl,Xiaomi,Redmi 8 lite BHR08OLGL,headphones,1,
missing,xiaomi-redmi-a2plus,Xiaomi,Redmi A2+,phone,1,
missing,xiaomi-redmi-a3,Xiaomi,Redmi A3,phone,1,
missing,xiaomi-redmi-a5,Xiaomi,Redmi A5,phone,1,
missing,xiaomi-redmi-buds-3-lite,Xiaomi,Redmi Buds 3 Lite,earbuds,1,
missing,xiaomi-redmi-buds-6-play,Xiaomi,Redmi Buds 6 Play,earbuds,1,
missing,xiaomi-redmi-note-10-pro,Xiaomi,Redmi Note 10 Pro,phone,1,
missing,xiaomi-redmi-note-10s,Xiaomi,Redmi Note 10S,phone,1,
missing,xiaomi-redmi-note-11,Xiaomi,Redmi Note 11,phone,1,
missing,xiaomi-redmi-note-11-proplus-5g,Xiaomi,Redmi Note 11 Pro+ 5G,phone,1,
missing,xiaomi-redmi-note-11s,Xiaomi,Redmi Note 11S,phone,1,
missing,xiaomi-redmi-note-13,Xiaomi,Redmi Note 13,phone,1,
missing,xiaomi-redmi-note-14-pro-plus-5g,Xiaomi,Redmi Note 14 Pro Plus 5G,phone,1,
missing,xiaomi-redmi-note-15-pro-plus-5g,Xiaomi,Redmi Note 15 Pro Plus 5G,phone,1,
missing,xiaomi-redmi-note-17-4g,Xiaomi,Redmi Note 17 4G,phone,1,
missing,xiaomi-redmi-note-17-pro-max-5g,Xiaomi,Redmi Note 17 Pro Max 5G,phone,1,
missing,xiaomi-redmi-pad,Xiaomi,Redmi Pad,tablet,1,
missing,xiaomi-redmi-pad-2-pro,Xiaomi,Redmi Pad 2 Pro,tablet,1,
missing,xiaomi-redmi-pad-pro-5g,Xiaomi,Redmi Pad Pro 5G,tablet,1,
missing,xiaomi-redmi-pad-se,Xiaomi,Redmi Pad SE,tablet,1,
missing,xiaomi-redmi-pad-se-8-7-4g,Xiaomi,Redmi Pad SE 8.7 4G,tablet,1,
missing,xiaomi-redmi-smart-band-2,Xiaomi,Redmi Smart Band 2,watch,1,
missing,xiaomi-redmi-watch-2-lite,Xiaomi,Redmi Watch 2 Lite,watch,1,
missing,xiaomi-redmi-watch-5-active,Xiaomi,Redmi Watch 5 Active,watch,1,
missing,xiaomi-s-pro-mini-led-65,Xiaomi,S Pro Mini LED 65,tv,1,
missing,xiaomi-smart-band-7,Xiaomi,Smart Band 7,watch,1,
missing,xiaomi-smart-band-7-pro,Xiaomi,Smart Band 7 Pro,watch,1,
missing,xiaomi-smart-band-8-active,Xiaomi,Smart Band 8 Active,watch,1,
missing,xiaomi-smart-band-8-champagne-bhr7166gl,Xiaomi,Smart Band 8 Champagne BHR7166GL,watch,1,
missing,xiaomi-smart-ir-control,Xiaomi,Smart IR Control,speaker,1,
missing,xiaomi-smart-mi-band-8-pro,Xiaomi,Smart Mi Band 8 Pro,watch,1,
missing,xiaomi-smart-watch-70mai-saphir,Xiaomi,Smart Watch 70mai Saphir,watch,1,
missing,xiaomi-tv-a-pro-55-2026-qled,Xiaomi,TV A Pro 55 2026 QLED,tv,1,
missing,xiaomi-tv-s-65-2025-mled,Xiaomi,TV S 65 2025 MLED,tv,1,
missing,xiaomi-watch-s1,Xiaomi,Watch S1,watch,1,
missing,xiaomi-watch-s1-active,Xiaomi,Watch S1 Active,watch,1,
missing,asus-rog-ally-7,Asus,ROG Ally,console,1,
missing,lg-50nu850b6la,LG,50NU850B6LA,tv,1,
missing,lg-50qned70b6c,LG,50QNED70B6C,tv,1,
missing,lg-50qned80a6a,LG,50QNED80A6A,tv,1,
missing,samsung-qe50q7faauxru,Samsung,QE50Q7FAAUXRU,tv,1,
missing,tcl-50c6k,TCL,50C6K,tv,1,
missing,tcl-50p7l,TCL,50P7L,tv,1,
missing,tcl-50v6c,TCL,50V6C,tv,1,
missing,xiaomi-a-50-2026,Xiaomi,A 50 2026,tv,1,
missing,lg-43nano80a6b,LG,43NANO80A6B,tv,1,
missing,lg-43nu850b6la,LG,43NU850B6LA,tv,1,
missing,lg-43qned70b6c,LG,43QNED70B6C,tv,1,
missing,lg-43ua75009la,LG,43UA75009LA,tv,1,
missing,samsung-qe43q60ba,Samsung,QE43Q60BA,tv,1,
missing,samsung-qe43q7faauxru,Samsung,QE43Q7FAAUXRU,tv,1,
missing,tcl-43p7k,TCL,43P7K,tv,1,
missing,tcl-43v6c,TCL,43V6C,tv,1,
missing,xiaomi-a-43-2026,Xiaomi,A 43 2026,tv,1,
missing,xiaomi-a-pro-43-2026,Xiaomi,A Pro 43 2026,tv,1,
missing,asus-dual-rtx-4060-ti-8gb,Asus,Dual GeForce RTX 4060 Ti 8GB,component,1,
missing,asus-dual-rtx-4060-8gb,Asus,Dual RTX 4060 8GB,component,1,
missing,asus-proart-rtx-4060-8gb,Asus,ProArt RTX 4060 8GB,component,1,
missing,bo-beosound-edge,Bang & Olufsen,Beosound Edge,speaker,1,
missing,bo-beosound-level,Bang & Olufsen,Beosound Level,speaker,1,
missing,bo-beoplay-hx,Bang & Olufsen,Beoplay HX,headphones,1,
missing,bo-beosound-a1-2,Bang & Olufsen,Beosound A1 2nd Gen,speaker,1,
missing,asus-tuf-gaming-fx707zc4-hx076,ASUS,TUF Gaming FX707ZC4-HX076,laptop,1,
missing,asus-vivobook-e1404ga-nk053w,ASUS,VivoBook E1404GA-NK053W,laptop,1,
missing,asus-vivobook-e410ma-bv2490w,ASUS,VivoBook E410MA-BV2490W,laptop,1,
missing,asus-vivobook-k3500p-oled,ASUS,VivoBook K3500P OLED,laptop,1,
missing,asus-vivobook-k5504-vn-ds96,ASUS,VivoBook K5504 VN-DS96,laptop,1,
missing,asus-vivobook-m1503-qa-l1223-oled,ASUS,VivoBook M1503 QA L1223 OLED,laptop,1,
missing,asus-vivobook-m1603qa-r7-12512,ASUS,VivoBook M1603QA R7 12512,laptop,1,
missing,asus-vivobook-pro-15-q533mj-u73050-oled,ASUS,VivoBook Pro 15 Q533MJ-U73050 OLED,laptop,1,
missing,asus-vivobook-pro-15-q543mj-u93050-oled,ASUS,Vivobook Pro 15 Q543MJ-U93050 OLED,laptop,1,
missing,asus-vivobook-s16-s5606ma-ds96-oled,ASUS,VivoBook S16 S5606MA-DS96 OLED,laptop,1,
missing,asus-vivobook-x1404za-i38128,ASUS,VivoBook X1404ZA-I38128,laptop,1,
missing,asus-vivobook-x1502za-bq2270,ASUS,VivoBook X1502ZA BQ2270,laptop,1,
missing,asus-vivobook-x1504va-nj061,ASUS,VivoBook X1504VA NJ061,laptop,1,
missing,asus-vivobook-x1504va-nj436,ASUS,VivoBook X1504VA-NJ436,laptop,1,
missing,asus-vivobook-x1504va-nj451,ASUS,VivoBook X1504VA-NJ451,laptop,1,
missing,asus-vivobook-x1504za-u672,ASUS,VivoBook X1504ZA-U672,laptop,1,
missing,asus-vivobook-x1505za-ma477-oled,ASUS,VivoBook X1505ZA-MA477 OLED,laptop,1,
missing,bo-beoplay-ex,Bang & Olufsen,Beoplay EX,earbuds,1,
missing,bo-beosound-a5,Bang & Olufsen,Beosound A5 Nordic Weave,speaker,1,
missing,asus-22-vp228de,ASUS,22” VP228DE,monitor,1,
missing,asus-22-vt229h-touch,ASUS,22” VT229H Touch,monitor,1,
missing,asus-24-vz239he-w,ASUS,24” VZ239HE-W,monitor,1,
missing,asus-27-va279hae,ASUS,27” VA279HAE,monitor,1,
missing,asus-32-cg32uq,ASUS,32” CG32UQ,monitor,1,
missing,asus-proart-display-32-pa329cv,ASUS,ProArt Display 32” PA329CV,monitor,1,
missing,asus-proart-studio-24-pa248cnv,ASUS,ProArt Studio 24” PA248CNV,monitor,1,
missing,asus-tuf-gaming-27-vg279q1a,ASUS,TUF Gaming 27” VG279Q1A,monitor,1,
missing,asus-tuf-gaming-27-vg279ql1a,ASUS,TUF Gaming 27” VG279QL1A,monitor,1,
missing,asus-tuf-gaming-34-vg34vqel1a,ASUS,TUF Gaming 34” VG34VQEL1A,monitor,1,
missing,asus-zenscreen-mb16aht-touch-screen,ASUS,ZenScreen MB16AHT Touch Screen,monitor,1,
missing,asus-zenscreen-mb16ahv-touch-screen,ASUS,ZenScreen MB16AHV Touch Screen,monitor,1,
missing,asus-rog-delta-s,ASUS,ROG Delta S,headphones,1,
missing,asus-rog-strix-go-2-4,ASUS,ROG Strix Go 2.4,headphones,1,
missing,asus-rog-strix-go-core,ASUS,ROG Strix Go Core,headphones,1,
missing,asus-tuf-gaming-h1,ASUS,TUF Gaming H1,headphones,1,
missing,asus-tuf-gaming-h3-gun-metal,ASUS,TUF Gaming H3 Gun Metal,headphones,1,
missing,asus-tuf-gaming-h7-core-gun-metal,ASUS,TUF Gaming H7 Core Gun Metal,headphones,1,
too small,yandex-station-2,Yandex,Station 2,speaker,2,526
too small,sonos-ace,Sonos,Ace,headphones,1,535
too small,xiaomi-redmi-14c,Xiaomi,Redmi 14C,phone,1,525
too small,bose-soundtouch-10,Bose,SoundTouch 10,speaker,1,485
too small,amazon-kindle-paperwhite-kids-11,Amazon,Kindle Paperwhite Kids (11th gen),ereader,1,545
too small,realme-gt-7t,Realme,Realme GT 7T,phone,1,570
too small,realme-16,Realme,Realme 16 5G Air,phone,1,590
too small,honor-x7c,Honor,X7c,phone,1,534
too small,realme-c75,Realme,C75,phone,1,580
too small,yandex-smart-lamp,Yandex,Smart Lamp E14,appliance,1,515
