shop,brand,name,category,priceAmd,id,shopTitle
(none),Samsung,Galaxy A07s,phone,,samsung-galaxy-a07s,
(none),Samsung,Galaxy A08,phone,,samsung-galaxy-a08,
(none),Xiaomi,POCO M8 Pro 5G,phone,,xiaomi-poco-m8-pro-5g,
(none),Xiaomi,Redmi A7 Pro,phone,,xiaomi-redmi-a7-pro,
eldorado,AOC,"49"" LCD AG493UCX",monitor,469900,aoc-49-lcd-ag493ucx,"Խաղային մոնիտոր AOC 49"" LCD AG493UCX"
eldorado,ASUS,Expert Center P400 AiO P4 40VA,desktop,329900,asus-expert-center-p400-aio-p4-40va,Համակարգիչ բոլորը մեկում ASUS Expert Center P400 AiO P4 40VA (P440VAK-BPC 6670)
eldorado,ASUS,Expert Center P400 AiO P4 70VA,desktop,455900,asus-expert-center-p400-aio-p4-70va,Համակարգիչ բոլորը մեկում ASUS Expert Center P400 AiO P4 70VA (P470VAK-BPE2 820)
eldorado,ASUS,VA249HG,monitor,55900,asus-va249hg,Մոնիտոր ASUS VA249HG (90LM02W0-B01171)
eldorado,ASUS,VA27DQSB-W,monitor,119900,asus-va27dqsb-w,Մոնիտոր ASUS VA27DQSB-W (90LM06H4-B02370)
eldorado,ASUS,VG249Q3A 90LM09B0-B01170,monitor,99000,asus-vg249q3a-90lm09b0-b01170,Մոնիտոր Asus VG249Q3A 90LM09B0-B01170
eldorado,ASUS,VG279Q3A 90LM0990-B01170,monitor,109900,asus-vg279q3a-90lm0990-b01170,Asus VG279Q3A 90LM0990-B01170 Մոնիտոր
eldorado,ASUS,VG32AQA1A 90LM07L0-B02370,monitor,189900,asus-vg32aqa1a-90lm07l0-b02370,ASUS VG32AQA1A 90LM07L0-B02370 Մոնիտոր
eldorado,ASUS,VU279HFI-W,monitor,99900,asus-vu279hfi-w,Մոնիտոր ASUS VU279HFI-W (90LM09IT-B01K70)
eldorado,ASUS,VY249HF-W,monitor,59900,asus-vy249hf-w,Մոնիտոր Asus VY249HF-W (90LM06A4-B03A70)
eldorado,ASUS,VY279HF-W 90LM06D2-B02170,monitor,77900,asus-vy279hf-w-90lm06d2-b02170,ASUS VY279HF-W 90LM06D2-B02170 Մոնիտոր
eldorado,ASUS,VZ24EHF-W,monitor,59900,asus-vz24ehf-w,Մոնիտոր ASUS VZ24EHF-W (90LM07C2-B01470)
eldorado,ASUS,VZ27EHF 90LM07B0-B01470,monitor,69900,asus-vz27ehf-90lm07b0-b01470,ASUS VZ27EHF 90LM07B0-B01470 Մոնիտոր
eldorado,ASUS,VZ27EHF-W 90LM07B0-B02470,monitor,69900,asus-vz27ehf-w-90lm07b0-b02470,Մոնիտոր Asus VZ27EHF-W 90LM07B0-B02470
eldorado,Beats,Fit Pro,headphones,89900,beats-fit-pro,Beats Fit Pro (A2577 A2576 A257) անլար ականջակալ սպիտակ
eldorado,Beats,Flex All-Day,headphones,31900,beats-flex-all-day,Անլար ականջակալ Beats Flex All-Day (A2295)
eldorado,Beats,Solo True Wireless,headphones,35900,beats-solo-true-wireless,Ականջակալ Beats Solo Buds True Wireless (A3151 A3150 A3152)
eldorado,Beats,Solo4 OnEar,headphones,89900,beats-solo4-onear,Անլար ականջակալ Beats Solo4 OnEar (A3140)
eldorado,Beats,Studio,earbuds,67900,beats-studio,Beats Studio Buds Earbuds (A2512 A25 13 A2514) անլար ակաջակալ սպիտակ
eldorado,Beats,Studio Pro Wireless,headphones,139900,beats-studio-pro-wireless,Ականջակալ Beats Studio Pro Wireless (A2924)
eldorado,Beats,Studio Pro Wireless Model,headphones,139900,beats-studio-pro-wireless-model,Ականջակալ Beats Studio Pro Wireless Model (A2924)
eldorado,Bose,QuietComfort 45 Acoustic,headphones,126900,bose-quietcomfort-45-acoustic,Անլար ականջակալ Bose QuietComfort 45 Acoustic Black
eldorado,Bose,SoundSport Free,headphones,99900,bose-soundsport-free,Անլար Ականջակալ Bose SoundSport Free Black
eldorado,Bose,SoundSport Free Bright,headphones,99900,bose-soundsport-free-bright,Անլար Ականջակալ Bose SoundSport Free Bright Orange
eldorado,Dell,27'' E2723H,monitor,98900,dell-27-e2723h,Մոնիտոր Dell 27'' E2723H
eldorado,Dyson,Zone,headphones,319900,dyson-zone,Անլար ականջակալ օդի ֆիլտրով Dyson Zone (Ultra Blue/Prussian Blue)
eldorado,Dyson,Zone Absolute+,headphones,349900,dyson-zone-absoluteplus,Անլար ականջակալ օդի ֆիլտրով Dyson Zone Absolute+ (Prussian Blue/Bright Copper)
eldorado,Garmin,epix Pro – Sapphire Edition 51 mm,watch,345000,garmin-epix-pro-sapphire-edition-51-mm,Սմարթ ժամացույց Garmin epix Pro (Gen 2) – Sapphire Edition 51 mm
eldorado,Garmin,Venu 3 with Leather,watch,199000,garmin-venu-3-with-leather,Սմարթ ժամացույց Garmin Venu 3 Black Slate with Black Leather
eldorado,Garmin,vivoactive 5 Metallic orchid,watch,135000,garmin-vivoactive-5-metallic-orchid,Սմարթ ժամացույց Garmin vivoactive 5 Metallic orchid
eldorado,Honor,Choice Clip MAK-ME01,headphones,25900,honor-choice-clip-mak-me01,Անլար ականջակալ Honor Choice Earbuds Clip MAK-ME01 (5504ADMX) black
eldorado,Honor,CHOICE ROS-ME01,headphones,19900,honor-choice-ros-me01,Ականջակալ HONOR CHOICE ROS-ME01 Սև
eldorado,Honor,CHOICE X7 lite,headphones,8900,honor-choice-x7-lite,Անլար ականջակալ HONOR CHOICE Earbuds X7 lite
eldorado,HP,PC Maokong24I1C23,desktop,309900,hp-pc-maokong24i1c23,Համակարգիչ բոլորը մեկում HP All-in-One Desktop PC Maokong24I1C23
eldorado,Lenovo,"IdeaCentre AIO 23. 8"" 24IRH 9",desktop,429900,lenovo-ideacentre-aio-23-8-24irh-9,"Համակարգիչ բոլորը մեկում Lenovo IdeaCentre AIO 23. 8"" 24IRH 9 (F0HN00SSRU)"
eldorado,Lenovo,IdeaCentre AIO 24IRH9,desktop,389900,lenovo-ideacentre-aio-24irh9,Համակարգիչ Lenovo IdeaCentre AIO 24IRH9 (F0HN00KRRU)
eldorado,Lenovo,"IdeaCentre AIO 27IRH 9 27""",desktop,459900,lenovo-ideacentre-aio-27irh-9-27,"Համակարգիչ բոլորը մեկում Lenovo IdeaCentre AIO 27IRH 9 (F0HM00VKRU) 27"""
eldorado,LG,24G411A-B,monitor,69900,lg-24g411a-b,Մոնիտոր LG 24G411A-B
eldorado,LG,24GS50F-B,monitor,89900,lg-24gs50f-b,Մոնիտոր LG 24GS50F-B
eldorado,LG,24U411A-B,monitor,57900,lg-24u411a-b,Մոնիտոր LG 24U411A-B
eldorado,LG,27GS50F-B,monitor,91900,lg-27gs50f-b,Մոնիտոր LG 27GS50F-B
eldorado,LG,27SR50F-W,monitor,124900,lg-27sr50f-w,Մոնիտոր LG 27SR50F-W
eldorado,LG,27U421A-B,monitor,79900,lg-27u421a-b,Մոնիտոր LG 27U421A-B
eldorado,LG,27U511SA-W,monitor,129900,lg-27u511sa-w,Մոնիտոր LG 27U511SA-W
eldorado,LG,29U531A-W,monitor,119900,lg-29u531a-w,Մոնիտոր LG 29U531A-W
eldorado,LG,32SR50F-W,monitor,159900,lg-32sr50f-w,Մոնիտոր LG 32SR50F-W
eldorado,LG,32UR500K-B,monitor,168900,lg-32ur500k-b,Մոնիտոր LG 32UR500K-B
eldorado,LG,34GP63A-B,monitor,239900,lg-34gp63a-b,Խաղային մոնիտոր LG 34GP63A-B
eldorado,LG,43NANO80A6B,tv,219900,lg-43nano80a6b,Սմարթ հեռուստացույց LG 43NANO80A6B
eldorado,LG,43NU850B6LA,tv,178900,lg-43nu850b6la,Սմարթ հեռուստացույց LG 43NU850B6LA
eldorado,LG,43QNED70B6C,tv,215900,lg-43qned70b6c,Սմարթ հեռուստացույց LG 43QNED70B6C
eldorado,LG,43UA75009LA,tv,177900,lg-43ua75009la,Սմարթ հեռուստացույց LG (43UA75009LA)
eldorado,LG,50NU850B6LA,tv,247900,lg-50nu850b6la,Սմարթ հեռուստացույց LG 50NU850B6LA
eldorado,LG,50QNED70B6C,tv,278900,lg-50qned70b6c,Սմարթ հեռուստացույց LG 50QNED70B6C
eldorado,LG,50QNED80A6A,tv,289900,lg-50qned80a6a,Սմարթ հեռուստացույց LG 50QNED80A6A
eldorado,LG,55NU850B6LA,tv,287900,lg-55nu850b6la,Սմարթ հեռուստացույց LG 55NU850B6LA
eldorado,LG,55QNED70A6A,tv,298900,lg-55qned70a6a,Սմարթ հեռուստացույց LG 55QNED70A6A
eldorado,LG,55QNED80A6A,tv,359900,lg-55qned80a6a,Սմարթ հեռուստացույց LG 55QNED80A6A
eldorado,LG,55QNED80B6B,tv,372900,lg-55qned80b6b,Սմարթ հեռուստացույց LG 55QNED80B6B
eldorado,LG,55QNED80T6A,tv,449100,lg-55qned80t6a,Հեռուստացույց LG 55QNED80T6A Smart
eldorado,LG,55QNED82A6B,tv,399900,lg-55qned82a6b,Սմարթ հեռուստացույց LG 55QNED82A6B
eldorado,LG,55QNED86A6A,tv,566900,lg-55qned86a6a,Սմարթ հեռուստացույց LG 55QNED86A6A
eldorado,LG,55QNED86T6A,tv,429900,lg-55qned86t6a,Հեռուստացույց LG 55QNED86T6A Smart
eldorado,LG,65NU850B6LA,tv,367900,lg-65nu850b6la,Սմարթ հեռուստացույց LG 65NU850B6LA
eldorado,LG,65QNED70A6A,tv,339900,lg-65qned70a6a,Սմարթ հեռուստացույց LG 65QNED70A6A
eldorado,LG,65QNED80A6A,tv,611900,lg-65qned80a6a,Սմարթ հեռուստացույց LG 65QNED80A6A
eldorado,LG,65QNED80B6B,tv,494900,lg-65qned80b6b,Սմարթ հեռուստացույց LG 65QNED80B6B
eldorado,LG,65QNED86T6A,tv,549900,lg-65qned86t6a,Հեռուստացույց LG 65QNED86T6A Smart
eldorado,LG,65UA75009LA,tv,329900,lg-65ua75009la,Սմարթ հեռուստացույց LG 65UA75009LA
eldorado,LG,75NU850B6LA,tv,469900,lg-75nu850b6la,Սմարթ հեռուստացույց LG 75NU850B6LA
eldorado,LG,75QNED70B6A,tv,569900,lg-75qned70b6a,Սմարթ հեռուստացույց LG 75QNED70B6A
eldorado,LG,75QNED85B6B,tv,1097900,lg-75qned85b6b,Սմարթ հեռուստացույց LG 75QNED85B6B
eldorado,LG,75QNED86A6A,tv,1079900,lg-75qned86a6a,Սմարթ հեռուստացույց LG 75QNED86A6A
eldorado,LG,85QNED70B6A,tv,773900,lg-85qned70b6a,Սմարթ հեռուստացույց LG 85QNED70B6A
eldorado,LG,OLED55C6RLA,tv,1016900,lg-oled55c6rla,Սմարթ հեռուստացույց LG OLED55C6RLA
eldorado,LG,OLED65B5RLA,tv,899900,lg-oled65b5rla,Սմարթ հեռուստացույց LG OLED65B5RLA
eldorado,LG,OLED65C5RLA,tv,1249900,lg-oled65c5rla,Սմարթ հեռուստացույց LG OLED65C5RLA
eldorado,LG,OLED65G5RLA,tv,1399900,lg-oled65g5rla,Սմարթ հեռուստացույց LG OLED65G5RLA
eldorado,LG,OLED83C4RLA,tv,2549900,lg-oled83c4rla,Հեռուստացույց LG OLED83C4RLA Smart
eldorado,Microsoft,Surface 4,laptop,519900,microsoft-surface-4,Նոթբուք Microsoft Surface 4 16ԳԲ/1ՏԲ
eldorado,Microsoft,Surface Go 2,laptop,429900,microsoft-surface-go-2,Նոթբուք Microsoft Surface Go 2 8ԳԲ/256ԳԲ
eldorado,Microsoft,Xbox,headphones,65900,microsoft-xbox,MICROSOFT Xbox Ականջակալ
eldorado,Nothing,Ear Open B182,headphones,89900,nothing-ear-open-b182,Nothing Ear Open B182 սպիտակ անլար ականջակալ
eldorado,Philips,"24"" USB-C 24E1N3300A/00",monitor,82900,philips-24-usb-c-24e1n3300a-00,"Մոնիտոր Philips 24"" USB-C 24E1N3300A/00"
eldorado,Samsung,27D300GAU,monitor,59900,samsung-27d300gau,Մոնիտոր Samsung 27D300GAU Black
eldorado,Samsung,"EO-IC100, USB Type-C",headphones,9900,samsung-eo-ic100-usb-type-c,Ականջակալ Samsung EO-IC100  USB Type-C White
eldorado,Samsung,LS24D304GAU,monitor,46900,samsung-ls24d304gau,Մոնիտոր Samsung LS24D304GAU
eldorado,Samsung,LS27BG400EUXEN,monitor,99900,samsung-ls27bg400euxen,Մոնիտոր Samsung LS27BG400EUXEN
eldorado,Samsung,LS27BG650EU,monitor,209900,samsung-ls27bg650eu,Մոնիտոր Samsung LS27BG650EU
eldorado,Samsung,LS27DG300EU,monitor,85900,samsung-ls27dg300eu,Մոնիտոր Samsung LS27DG300EU
eldorado,Samsung,LS32CG554EU,monitor,129900,samsung-ls32cg554eu,Մոնիտոր Samsung LS32CG554EU
eldorado,Samsung,LS32D700EAU,monitor,149900,samsung-ls32d700eau,Մոնիտոր Samsung LS32D700EAU
eldorado,Samsung,LS32FM700UU,monitor,199900,samsung-ls32fm700uu,Մոնիտոր Samsung LS32FM700UU
eldorado,Samsung,LS34C500GAU,monitor,149900,samsung-ls34c500gau,Մոնիտոր Samsung LS34C500GAU
eldorado,Samsung,Odyssey G4 LS25BG400EIXCI,monitor,89900,samsung-odyssey-g4-ls25bg400eixci,Մոնիտոր Samsung Odyssey G4 LS25BG400EIXCI
eldorado,Samsung,Odyssey G5 S32CG552EU,monitor,149900,samsung-odyssey-g5-s32cg552eu,Մոնիտոր Samsung Odyssey G5 S32CG552EU
eldorado,Samsung,Original Galaxy 3 R530,headphones,59900,samsung-original-galaxy-3-r530,Անլար ականջակալ Samsung Original Headphone Galaxy Buds 3 R530 Silver
eldorado,Samsung,QE43Q60BA,tv,199900,samsung-qe43q60ba,"Սմարթ հեռուստացույց Samsung 43"" QE43Q60BA 4K UHD QLED"
eldorado,Samsung,QE43Q7FAAUXRU,tv,223900,samsung-qe43q7faauxru,Սմարթ հեռուստացույց Samsung QE43Q7FAAUXRU
eldorado,Samsung,QE50Q7FAAUXRU,tv,298900,samsung-qe50q7faauxru,Սմարթ հեռուստացույց Samsung QE50Q7FAAUXRU
eldorado,Samsung,QE55Q60ABUXRU,tv,479900,samsung-qe55q60abuxru,հեռուստացույց Samsung 55'' QLED 4K Q60AB Smart (QE55Q60ABUXRU)
eldorado,Samsung,QE55Q7FAAUXRU,tv,352900,samsung-qe55q7faauxru,Սմարթ հեռուստացույց Samsung QE55Q7FAAUXRU
eldorado,Samsung,QE55Q7FAM,tv,4894000,samsung-qe55q7fam,Հայելի հեռուստացույցով Samsung QE55Q7FAM
eldorado,Samsung,QE55S95CAUXRU,tv,697900,samsung-qe55s95cauxru,"հեռուստացույց Samsung 55""QE55S95CAUXRU Smart"
eldorado,Samsung,QE65QN85DBUXRU,tv,718900,samsung-qe65qn85dbuxru,հեռուստացույց Samsung QE65QN85DBUXRU Smart
eldorado,Samsung,QE65QN90FAUXRU,tv,1307900,samsung-qe65qn90fauxru,Սմարթ հեռուստացույց Samsung QE65QN90FAUXRU
eldorado,Samsung,QE65S90DAUXRU,tv,1199000,samsung-qe65s90dauxru,հեռուստացույց Samsung QE65S90DAUXRU Smart
eldorado,Samsung,QE75Q60DAUXRU,tv,689900,samsung-qe75q60dauxru,Սմարթ հեռուստացույց Samsung QE75Q60DAUXRU
eldorado,Samsung,QE75Q70DAUXRU,tv,849900,samsung-qe75q70dauxru,Հեռուստացույց Samsung QE75Q70DAUXRU
eldorado,Samsung,QE75QN70FAUXRU,tv,690000,samsung-qe75qn70fauxru,Սմարթ հեռուստացույց Samsung QE75QN70FAUXRU
eldorado,Samsung,QE75QN90CAUXRU,tv,1184900,samsung-qe75qn90cauxru,"Սմարթ հեռուստացույց Samsung QE75QN90CAUXRU 75"" Neo QLED 4K"
eldorado,Samsung,QE77S95FAUXRU,tv,1710000,samsung-qe77s95fauxru,Սմարթ հեռուստացույց Samsung QE77S95FAUXRU
eldorado,Samsung,QE85Q60DAUXRU,tv,1319000,samsung-qe85q60dauxru,հեռուստացույց Samsung QE85Q60DAUXRU Smart
eldorado,Samsung,S27D402G,monitor,205900,samsung-s27d402g,Մոնիտոր Samsung S27D402G Black
eldorado,Samsung,UE55DU8000UXRU,tv,359000,samsung-ue55du8000uxru,հեռուստացույց Samsung UE55DU8000UXRU Smart
eldorado,Samsung,UE55U8000FUXRU,tv,192000,samsung-ue55u8000fuxru,Սմարթ հեռուստացույց Samsung UE55U8000FUXRU
eldorado,Samsung,UE65M80HAUXPY,tv,479000,samsung-ue65m80hauxpy,Սմարթ հեռուստացույց Samsung UE65M80HAUXPY
eldorado,Samsung,UE65U8000FUXRU,tv,247000,samsung-ue65u8000fuxru,Սմարթ հեռուստացույց Samsung UE65U8000FUXRU
eldorado,Samsung,UE75M80HAUXPY,tv,629000,samsung-ue75m80hauxpy,Սմարթ հեռուստացույց Samsung UE75M80HAUXPY
eldorado,Sennheiser,Accentum ACAEBT,headphones,89900,sennheiser-accentum-acaebt,Անլար ականջակալ Sennheiser Accentum ACAEBT սպիտակ
eldorado,Sennheiser,Accentum Plus,headphones,119900,sennheiser-accentum-plus,Անլար ականջակալ Sennheiser Accentum Plus (ACPAEBT) սև
eldorado,Sennheiser,Accentum True Special Edition ATW1 SE,headphones,99900,sennheiser-accentum-true-special-edition-atw1-se,Ականջակալ Sennheiser Accentum True Special Edition ATW1 SE կապույտ
eldorado,Sennheiser,Accentum True Wireless ATW1,headphones,99900,sennheiser-accentum-true-wireless-atw1,Ականջակալ Sennheiser Accentum True Wireless ATW1 սպիտակ
eldorado,Sennheiser,Accentum Wireless ACAEBT,headphones,89900,sennheiser-accentum-wireless-acaebt,Անլար ականջակալ Sennheiser Accentum Wireless ACAEBT սև
eldorado,Sennheiser,HD 450BT,headphones,69900,sennheiser-hd-450bt,Անլար ականջակալ Sennheiser HD 450BT Black
eldorado,Sennheiser,HD 599,headphones,95900,sennheiser-hd-599,Ականջակալ Sennheiser HD 599
eldorado,Sennheiser,HD 620S,headphones,159900,sennheiser-hd-620s,Sennheiser HD 620S Ականջակալ
eldorado,Sennheiser,Momentum M4AEBT,headphones,169900,sennheiser-momentum-m4aebt,Անլար ականջակալ Sennheiser Momentum M4AEBT սև
eldorado,Sennheiser,Momentum Sport MSPORT1,headphones,159900,sennheiser-momentum-sport-msport1,Ականջակալ Sennheiser Momentum Sport MSPORT1 Olive
eldorado,Sennheiser,RS 195,headphones,159900,sennheiser-rs-195,Sennheiser RS 195 Black Ականջակալ
eldorado,Sony,Playstation DualSense PS5,console,37900,sony-playstation-dualsense-ps5,Sony Playstation DualSense PS5 մոխրագույն
eldorado,Sony,Playstation Pulse Elite wireless PS5,headphones,79900,sony-playstation-pulse-elite-wireless-ps5,Անլար ականջակալ Sony Playstation Pulse Elite wireless PS5
eldorado,Sony,PULSE Explore,headphones,89900,sony-pulse-explore,Անլար ականջակալ Sony PULSE Explore White
eldorado,Sony,WF-C500 True Wireless,headphones,37900,sony-wf-c500-true-wireless,Sony WF-C500 True Wireless (YY2952) անլար ականջակալ նարնջագույն
eldorado,Sony,WH-CH720,headphones,57900,sony-wh-ch720,Sony WH-CH720 Black Անլար ականջակալ
eldorado,Sony,WHULT900N,headphones,89900,sony-whult900n,Sony WHULT900N White Անլար ականջակալ
eldorado,TCL,115C7K,tv,6398900,tcl-115c7k,Սմարթ հեռուստացույց TCL 115C7K
eldorado,TCL,43P7K,tv,179900,tcl-43p7k,Սմարթ հեռուստացույց TCL 43P7K
eldorado,TCL,43V6C,tv,149900,tcl-43v6c,Սմարթ հեռուստացույց TCL 43V6C
eldorado,TCL,50C6K,tv,309900,tcl-50c6k,Սմարթ հեռուստացույց TCL 50C6K
eldorado,TCL,50P7L,tv,275900,tcl-50p7l,Սմարթ հեռուստացույց TCL 50P7L
eldorado,TCL,50V6C,tv,209900,tcl-50v6c,Սմարթ հեռուստացույց TCL 50V6C
eldorado,TCL,55C7K,tv,439900,tcl-55c7k,Սմարթ հեռուստացույց TCL 55C7K
eldorado,TCL,55P7K,tv,279900,tcl-55p7k,Սմարթ հեռուստացույց TCL 55P7K
eldorado,TCL,55P8L,tv,299800,tcl-55p8l,Սմարթ հեռուստացույց TCL 55P8L
eldorado,TCL,65C7L,tv,639900,tcl-65c7l,Սմարթ հեռուստացույց TCL 65C7L
eldorado,TCL,65P8K,tv,279900,tcl-65p8k,Սմարթ հեռուստացույց TCL 65P8K
eldorado,TCL,65P8L,tv,381700,tcl-65p8l,Սմարթ հեռուստացույց TCL 65P8L
eldorado,TCL,65T6D,tv,409900,tcl-65t6d,Սմարթ հեռուստացույց TCL 65T6D
eldorado,TCL,75C6K,tv,729900,tcl-75c6k,Սմարթ հեռուստացույց TCL 75C6K
eldorado,TCL,75C7K,tv,779900,tcl-75c7k,Սմարթ հեռուստացույց TCL 75C7K
eldorado,TCL,75T6D,tv,519900,tcl-75t6d,Սմարթ հեռուստացույց TCL 75T6D
eldorado,TCL,75V6D,tv,459900,tcl-75v6d,Սմարթ հեռուստացույց TCL 75V6D
eldorado,TCL,85P7L,tv,699900,tcl-85p7l,Սմարթ հեռուստացույց TCL 85P7L
eldorado,TCL,85P8L,tv,695900,tcl-85p8l,Սմարթ հեռուստացույց TCL 85P8L
eldorado,TCL,98C6K,tv,1499000,tcl-98c6k,Սմարթ հեռուստացույց TCL 98C6K
eldorado,TCL,98P8K,tv,1199000,tcl-98p8k,Սմարթ հեռուստացույց TCL 98P8K
eldorado,Xiaomi,Redmi 8 Active BHR08JTGL,headphones,10900,xiaomi-redmi-8-active-bhr08jtgl,Անլար ականջակալ Redmi Buds 8 Active (Black) (M2537E1) BHR08JTGL
eldorado,Xiaomi,Redmi 8 Active BHR08JUGL,headphones,10900,xiaomi-redmi-8-active-bhr08jugl,Անլար ականջակալ Redmi Buds 8 Active (White) (M2537E1) BHR08JUGL
eldorado,Xiaomi,Redmi 8 Lite,headphones,14900,xiaomi-redmi-8-lite,Անլար ականջակալ Redmi Buds 8 Lite Black
eldorado,Xiaomi,Redmi 8 lite BHR08OLGL,headphones,14900,xiaomi-redmi-8-lite-bhr08olgl,Անլար ականջակալ Redmi Buds 8 lite (M2539E1) BHR08OLGL Սպիտակ
eldorado zigzag,Sony,WH-1000XM5,headphones,199900,sony-wh-1000xm5,Sony WH-1000XM5 (YY2954) անլար ականջակալ արծաթագույն
ibolit,Apple,HomePod 2,speaker,165900,apple-homepod-2,Apple HomePod 2 White
ibolit,Apple,HomePod Mini,speaker,59900,apple-homepod-mini,Apple HomePod Mini Black
ibolit,Apple,iPad 10.2 9th Gen Wi-Fi,tablet,154000,apple-ipad-10-2-9th-gen-wi-fi,iPad 10.2 9th Gen 64GB Wi-Fi Silver
ibolit,Apple,"iPad 10.2 9th Generation , , Wi-Fi",tablet,152000,apple-ipad-10-2-9th-generation-wi-fi,iPad 10.2 9th Generation   64GB  Wi-Fi  Space Gray
ibolit,Apple,iPad Air 11 Wi-Fi + Cellular 2024,tablet,405000,apple-ipad-air-11-wi-fi-plus-cellular-2024,iPad Air 11 128GB Wi-Fi + Cellular 2024 Blue
ibolit,Apple,iPad Air 11 Wi-Fi 2024,tablet,277000,apple-ipad-air-11-wi-fi-2024,iPad Air 11 128GB Wi-Fi 2024 Purple
ibolit,Apple,iPad Air 13 Wi-Fi + Cellular 2024,tablet,521000,apple-ipad-air-13-wi-fi-plus-cellular-2024,iPad Air 13 128GB Wi-Fi + Cellular 2024 Blue
ibolit,Apple,iPad Air 13 Wi-Fi 2024,tablet,493000,apple-ipad-air-13-wi-fi-2024,iPad Air 13 256 GB Wi-Fi 2024 Purple
ibolit,Apple,iPad Air 5 Wi-Fi + Cellular 2022,tablet,365000,apple-ipad-air-5-wi-fi-plus-cellular-2022,iPad Air 5 64GB Wi-Fi + Cellular 2022 Space Gray
ibolit,Apple,iPad Pro 13 M4 Wi-Fi + Cellular 2024,tablet,598000,apple-ipad-pro-13-m4-wi-fi-plus-cellular-2024,iPad Pro 13 256GB M4 Wi-Fi + Cellular 2024 Space Grey
ibolit,Apple,iPad Pro 13 Wi-Fi + Cellular 2024,tablet,715000,apple-ipad-pro-13-wi-fi-plus-cellular-2024,iPad Pro 13 512GB Wi-Fi + Cellular 2024 Silver
ibolit,Apple,iPad Pro 13 Wi-Fi 2024,tablet,680000,apple-ipad-pro-13-wi-fi-2024,iPad Pro 13 512GB Wi-Fi 2024 Silver
ibolit,Apple,iPhone 14 Pro Max Magic Glass Box,phone,99000,apple-iphone-14-pro-max-magic-glass-box,iPhone 14 Pro Max Magic Glass Box
ibolit,Apple,MacBook Air 13 M1 2024,laptop,719000,apple-macbook-air-13-m1-2024,MacBook Air 13 M1 2024 Starlight
ibolit,Apple,MacBook Air 13 MGN63 M1 2020,laptop,275000,apple-macbook-air-13-mgn63-m1-2020,MacBook Air 13 MGN63 M1 2020 Space Gray
ibolit,Apple,MacBook Air 13 MGN93 M1 2020,laptop,305000,apple-macbook-air-13-mgn93-m1-2020,MacBook Air 13 MGN93 M1 2020 Silver
ibolit,Apple,MacBook Air 13 MGND3 M1 2020,laptop,314900,apple-macbook-air-13-mgnd3-m1-2020,MacBook Air 13 MGND3 M1 2020 Gold
ibolit,Apple,MacBook Air MGN63 Late 2020,laptop,305000,apple-macbook-air-mgn63-late-2020,MacBook Air MGN63 Late 2020 Space Gray
ibolit,Apple,MacBook Air MGN93 Late 2020,laptop,339000,apple-macbook-air-mgn93-late-2020,MacBook Air MGN93 Late 2020 Silver
ibolit,Apple,MacBook Pro 14 2023 MTL73,laptop,692000,apple-macbook-pro-14-2023-mtl73,MacBook Pro 14 2023 MTL73 Space Gray
ibolit,Apple,MacBook Pro 14 MR7J3 2023,laptop,720000,apple-macbook-pro-14-mr7j3-2023,MacBook Pro 14 MR7J3 2023 Silver
ibolit,Apple,MacBook Pro 14 MRX33 2023,laptop,889000,apple-macbook-pro-14-mrx33-2023,MacBook Pro 14 MRX33 2023 Space Black
ibolit,Apple,MacBook Pro 14 MRX43 2023,laptop,1043000,apple-macbook-pro-14-mrx43-2023,MacBook Pro 14 MRX43 2023 Space Black
ibolit,Apple,MacBook Pro 16 MRW23,laptop,1175000,apple-macbook-pro-16-mrw23,MacBook Pro 16 MRW23 Space Black
ibolit,Apple,MacBook Pro 16 MRW63 2023,laptop,1175000,apple-macbook-pro-16-mrw63-2023,MacBook Pro 16 MRW63 2023 Silver
ibolit,Apple,TWS Bluetooth Headsets 3rd Generation,earbuds,65900,apple-tws-bluetooth-headsets-3rd-generation,TWS Bluetooth Headsets Apple AirPods 3rd Generation
ibolit,Apple,Watch Band 42mm,watch,68900,apple-band-extension-42mm-magnetic-link-for-38-42mm,Band Extension Apple 42mm Magnetic Link Black for Apple Watch 38-42mm
ibolit,ASUS,Mouse ROG Keris P509 90MP01R0-B0UA00,laptop,29100,asus-mouse-rog-keris-p509-90mp01r0-b0ua00,Mouse Asus ROG Keris P509 90MP01R0-B0UA00
ibolit,ASUS,P504 ROG Gladius II Origin,laptop,39000,asus-p504-rog-gladius-ii-origin,Asus P504 ROG Gladius II Origin
ibolit,ASUS,ProArt LC 420,monitor,153000,asus-proart-lc-420,Asus ProArt LC 420
ibolit,ASUS,ROG Gladius II Core P507,laptop,32400,asus-rog-gladius-ii-core-p507,Asus ROG Gladius II Core P507
ibolit,ASUS,ROG Hyperion GR701,laptop,195000,asus-rog-hyperion-gr701,Asus ROG Hyperion GR701
ibolit,ASUS,ROG Keris P513,laptop,3200,asus-rog-keris-p513,Asus ROG Keris P513
ibolit,ASUS,ROG RG-07 Performance Thermal Paste Kit,laptop,16000,asus-rog-rg-07-performance-thermal-paste-kit,Asus ROG RG-07 Performance Thermal Paste Kit
ibolit,ASUS,ROG Sheath Mouse Pad,laptop,24800,asus-mouse-pad-nc01-rog-sheath-blk-90mp00k3-b0ua00,Mouse Pad ASUS NC01 ROG Sheath BLK 90MP00K3-B0UA00
ibolit,ASUS,ROG Strix 650G,laptop,83000,asus-rog-strix-650g,Asus ROG Strix 650G
ibolit,ASUS,ROG Strix B760-G Gaming Wi-Fi D4,laptop,112000,asus-rog-strix-b760-g-gaming-wi-fi-d4,Asus ROG Strix B760-G Gaming Wi-Fi D4
ibolit,ASUS,ROG Strix B760-G Gaming WiFi,laptop,126000,asus-rog-strix-b760-g-gaming-wifi,Asus ROG Strix B760-G Gaming WiFi
ibolit,ASUS,ROG Strix Carry Mouse,laptop,37800,asus-mouse-rog-strix-carry-p508-90mp01b0-b0ua00,Mouse ASUS ROG Strix Carry P508 90MP01B0-B0UA00
ibolit,ASUS,ROG Strix GS-AX3000,laptop,79000,asus-rog-strix-gs-ax3000,Asus ROG Strix GS-AX3000
ibolit,ASUS,ROG Strix GS-AX5400,laptop,115000,asus-rog-strix-gs-ax5400,Asus ROG Strix GS-AX5400
ibolit,ASUS,ROG Strix Helios GX601 90DC0020-B39000,laptop,163000,asus-rog-strix-helios-gx601-90dc0020-b39000,ASUS ROG Strix Helios GX601 90DC0020-B39000
ibolit,ASUS,ROG Strix Impact II P506,laptop,36700,asus-rog-strix-impact-ii-p506,Asus ROG Strix Impact II P506
ibolit,ASUS,ROG Strix Impact II Wireless,laptop,33000,asus-rog-strix-impact-ii-wireless,Asus ROG Strix Impact II Wireless
ibolit,ASUS,ROG Strix LC II 360,laptop,126000,asus-rog-strix-lc-ii-360,Asus ROG Strix LC II 360
ibolit,ASUS,ROG Strix Z790-F Gaming Wi-Fi II,laptop,263000,asus-rog-strix-z790-f-gaming-wi-fi-ii,Asus ROG Strix Z790-F Gaming Wi-Fi II
ibolit,ASUS,ROG Strix Z790-H Gaming Wi-Fi,laptop,198000,asus-rog-strix-z790-h-gaming-wi-fi,Asus ROG Strix Z790-H Gaming Wi-Fi
ibolit,ASUS,TUF Gaming 1200 G,laptop,132000,asus-tuf-gaming-1200-g,Asus TUF Gaming 1200 G
ibolit,ASUS,TUF Gaming 450B,laptop,43000,asus-tuf-gaming-450b,Asus TUF Gaming 450B
ibolit,ASUS,TUF Gaming 550W,laptop,49000,asus-tuf-gaming-550w,Asus TUF Gaming 550W
ibolit,ASUS,TUF Gaming 650B,laptop,65000,asus-tuf-gaming-650b,Asus TUF Gaming 650B
ibolit,ASUS,TUF Gaming GT302 ARGB,laptop,69000,asus-tuf-gaming-gt302-argb,Asus TUF Gaming GT302 ARGB Black
ibolit,ASUS,TUF Gaming K1,laptop,28000,asus-tuf-gaming-k1,Asus TUF Gaming K1
ibolit,ASUS,TUF Gaming M3 Mouse P305 90MP01J0-B0UA00,laptop,19000,asus-tuf-gaming-m3-mouse-p305-90mp01j0-b0ua00,Asus TUF Gaming M3 Mouse P305 90MP01J0-B0UA00
ibolit,ASUS,TUF Gaming P3 06,laptop,24000,asus-tuf-gaming-p3-06,Asus TUF Gaming P3 06
ibolit,ASUS,TUF H3 Wireless,laptop,39000,asus-tuf-h3-wireless,Asus TUF H3 Wireless
ibolit,Bose,QuietComfort II,earbuds,109900,bose-quietcomfort-ii,Bose QuietComfort Earbuds II Black
ibolit,Bose,SoundLink Flex,speaker,79900,bose-soundlink-flex,Bose SoundLink Flex White
ibolit,Bose,Soundlink Mini II,speaker,82900,bose-soundlink-mini-ii,Bose Soundlink Mini II Silver
ibolit,Bose,SoundLink Revolve,speaker,99000,bose-soundlink-revolve,Bose SoundLink Revolve Gray
ibolit,Bose,SoundLink Revolve II,speaker,132000,bose-soundlink-revolve-ii,Bose SoundLink Revolve II Silver
ibolit,Bose,Sport,earbuds,69900,bose-sport,Bose Sport Earbuds Blue
ibolit,Dell,AX510 2.0,speaker,11000,dell-ax510-2-0,Dell AX510 2.0 Speaker
ibolit,Dell,Inspiron 16 Plus 7630,laptop,509000,dell-inspiron-16-plus-7630,Dell Inspiron 16 Plus 7630
ibolit,Dell,Inspiron 7445,laptop,383000,dell-inspiron-7445,Dell Inspiron 7445
ibolit,Dell,Vostro 3520 i3,laptop,169000,dell-vostro-3520-i3,Dell Vostro 3520 i3 8GB 512GB
ibolit,Dell,Vostro 3520 i5,laptop,216000,dell-vostro-3520-i5,Dell Vostro 3520 i5 8GB 512GB
ibolit,Dell,Vostro 3910,laptop,155000,dell-vostro-3910,Dell Vostro 3910
ibolit,Dell,XPS 16 9640,laptop,799000,dell-xps-16-9640,Dell XPS 16 9640
ibolit,Dyson,Airstrait HT01,appliance,189000,dyson-airstrait-straightener-ht01-nicel,Dyson Airstrait™ Straightener HT01 Nicel / Copper
ibolit,Dyson,Airstrait HT01 (Ceramic),appliance,168000,dyson-airstrait-straightener-ht01-ceramic,Dyson Airstrait™ Straightener HT01 Ceramic Pink
ibolit,Dyson,Airwrap HS05 (Blue),appliance,269000,dyson-multi-complete-long-hs05-topaz,Dyson Airwrap™ multi-styler Complete Long HS05 Prussian Blue / Topaz
ibolit,Dyson,Airwrap HS05 (Blue/Copper),appliance,258000,dyson-multi-complete-long-hs05-rich,Dyson Airwrap™ multi-styler Complete Long HS05 Prussian Blue / Rich Copper
ibolit,Dyson,Airwrap HS05 (Fuchsia),appliance,256000,dyson-multi-complete-long-hs05-fuchisa,Dyson Airwrap™ multi-styler Complete Long HS05 Fuchisa / Nickel
ibolit,Dyson,Airwrap HS05 (Strawberry),appliance,272000,dyson-multi-complete-long-hs05-strawberry,Dyson Airwrap™ multi-styler Complete Long HS05 Strawberry Bronze / Pink
ibolit,Dyson,Airwrap HS05 Complete Long,appliance,272000,dyson-multi-complete-long-hs05,Dyson Airwrap™ multi-styler Complete Long HS05 Onyx Gold
ibolit,Dyson,Airwrap Origin HS05,appliance,196000,dyson-origin-hs05,Dyson Airwrap™ Origin HS05 Nickel / Copper
ibolit,Dyson,HS08 Strawberry,appliance,233000,dyson-hs08-strawberry,Dyson Airwrap HS08 Strawberry Bronze / Pink
ibolit,Dyson,HS08 Velvet,appliance,254000,dyson-hs08-velvet,Dyson Airwrap HS08 Red Velvet / Gold
ibolit,Dyson,HS08 Vinca Topaz,appliance,195000,dyson-hs08-vinca-topaz,Dyson Airwrap HS08 Vinca Blue / Topaz
ibolit,Dyson,Supersonic HD15,appliance,203000,dyson-er-hd15,Dyson Supersonic™ Hair Dryer HD15 Nickel / Copper
ibolit,Dyson,Supersonic Nural HD16,appliance,246000,dyson-nural-hd16-strawberry,Dyson Supersonic™ Nural HD16 Strawberry Bronze / Blush Pink
ibolit,Dyson,V12 Detect Slim Cordless Vacuum Cleaner,appliance,295000,dyson-v12-detect-slim-cordless-vacuum-cleaner,Dyson V12 Detect Slim Cordless Vacuum Cleaner
ibolit,Honor,MagicBook Pro 16 3K,laptop,539000,honor-magicbook-pro-16-3k-core-ultra-5-125h-ram-1t-win11,HONOR MAGICBOOK PRO 16” 3K.Core Ultra 5 125H/24GB Ram/1T/Win11
ibolit,HP,EliteBook 640 G10,laptop,363000,hp-elitebook-640-g10,HP EliteBook 640 G10
ibolit,HP,Envy 16-h1023dx Touch 7Z0P3UA,laptop,704000,hp-envy-16-h1023dx-touch-7z0p3ua,HP Envy 16-h1023dx Touch 7Z0P3UA
ibolit,HP,Envy 16-h1053dx Touch 9U360UA,laptop,630000,hp-envy-16-h1053dx-touch-9u360ua,HP Envy 16-h1053dx Touch 9U360UA
ibolit,HP,Envy PC 7X9X5EA,desktop,895000,hp-envy-pc-7x9x5ea,HP ENVY Desktop PC 7X9X5EA 32
ibolit,HP,Envy Rechargeable Mouse 500,laptop,19000,hp-envy-rechargeable-mouse-500,HP Envy Rechargeable Mouse 500
ibolit,HP,ProBook 450 G10 85C38EA,laptop,455000,hp-probook-450-g10-85c38ea,HP ProBook 450 G10 85C38EA
ibolit,HP,ProBook 450 G9 7C196PA,laptop,390000,hp-probook-450-g9-7c196pa,HP ProBook 450 G9 7C196PA16
ibolit,HP,Victus 15 FA0018NQ,laptop,390000,hp-victus-15-fa0018nq,HP Victus 15 FA0018NQ
ibolit,HP,Victus 15 FA0020NQ,laptop,390000,hp-victus-15-fa0020nq,HP Victus 15 FA0020NQ
ibolit,HP,Victus 15-fa0033dx 9T9R8UA,laptop,330000,hp-victus-15-fa0033dx-9t9r8ua,HP Victus 15-fa0033dx 9T9R8UA
ibolit,JBL,Boombox 3,speaker,187000,jbl-boombox-3,JBL Boombox 3 Black
ibolit,JBL,Boombox 3 Squad,speaker,179900,jbl-boombox-3-squad,JBL Boombox 3 Squad
ibolit,JBL,Boombox 3 Wi-Fi,speaker,249900,jbl-boombox-3-wi-fi,JBL Boombox 3 Wi-Fi Black
ibolit,JBL,Clip 4,speaker,21900,jbl-clip-4,JBL Clip 4 White
ibolit,JBL,Clip 4 Squad,speaker,21900,jbl-clip-4-squad,JBL Clip 4 Squad
ibolit,JBL,Flip 6,speaker,59000,jbl-flip-6,JBL Flip 6 Teal
ibolit,JBL,Flip 6 Squared,speaker,53900,jbl-flip-6-squared,JBL Flip 6 Squared
ibolit,JBL,Flip 6 Star,speaker,59000,jbl-flip-6-star,JBL Flip 6 Black Star
ibolit,JBL,Go 3,speaker,16000,jbl-go-3,JBL Go 3 White
ibolit,JBL,Go 3 Squad,speaker,16000,jbl-go-3-squad,JBL Go 3 Squad
ibolit,JBL,Live 460 NC,headphones,39900,jbl-live-460-nc,JBL Live 460 NC
ibolit,JBL,Live 660 NC,headphones,55900,jbl-live-660-nc,JBL Live 660 NC White
ibolit,JBL,Live 770 NC,headphones,77000,jbl-live-770-nc,JBL Live 770 NC White
ibolit,JBL,Live Flex,headphones,73000,jbl-live-flex,JBL Live Flex Silver
ibolit,JBL,Live Pro 2 TWC,headphones,73000,jbl-live-pro-2-twc,JBL Live Pro 2 TWC Rose
ibolit,JBL,Live Pro 2 TWS,headphones,65900,jbl-live-pro-2-tws,JBL Live Pro 2 TWS Black
ibolit,JBL,PartyBox 110,speaker,180000,jbl-partybox-110,JBL PartyBox 110
ibolit,JBL,PartyBox 310,speaker,249990,jbl-partybox-310,JBL PartyBox 310
ibolit,JBL,PartyBox 710,speaker,299900,jbl-partybox-710,JBL PartyBox 710
ibolit,JBL,Quantum 200 Wired,headphones,26900,jbl-quantum-200-wired,JBL Quantum 200 Wired Black
ibolit,JBL,Quantum 300,headphones,26900,jbl-quantum-300,JBL Quantum 300 Black
ibolit,JBL,Tune,earbuds,37900,jbl-tune,JBL Tune Buds Purple
ibolit,JBL,Tune 125 TWS,headphones,49900,jbl-tune-125-tws,JBL Tune 125 TWS White
ibolit,JBL,Tune 130 TWS,headphones,29900,jbl-tune-130-tws,JBL Tune 130 TWS White
ibolit,JBL,Tune 215 TWS,headphones,49900,jbl-tune-215-tws,JBL Tune 215 TWS White
ibolit,JBL,Tune 230 NC TWS,headphones,33000,jbl-tune-230-nc-tws,JBL Tune 230 NC TWS
ibolit,JBL,Tune 230 TWS,headphones,39900,jbl-tune-230-tws,JBL Tune 230 TWS Beige
ibolit,JBL,Tune 500 Wired,headphones,11900,jbl-tune-500-wired,JBL Tune 500 Wired Pink
ibolit,JBL,Tune 520 BT,headphones,27000,jbl-tune-520-bt,JBL Tune 520 BT
ibolit,JBL,Tune 670 NC,headphones,39900,jbl-tune-670-nc,JBL Tune 670 NC Blue
ibolit,JBL,Tune 720 BT,headphones,28900,jbl-tune-720-bt,JBL Tune 720 BT Purple
ibolit,JBL,Tune 760 NC,headphones,37900,jbl-tune-760-nc,JBL Tune 760 NC Blush
ibolit,JBL,Tune Beam,headphones,35900,jbl-tune-beam,JBL Tune Beam White
ibolit,JBL,Tune Flex,headphones,44900,jbl-tune-flex,JBL Tune Flex White
ibolit,JBL,Tune Ghost,earbuds,37900,jbl-tune-ghost,JBL Tune Buds Ghost White
ibolit,JBL,Wave,earbuds,27900,jbl-wave,JBL Wave Buds White
ibolit,JBL,Xtreme 3,speaker,99900,jbl-xtreme-3,JBL Xtreme 3 Blue
ibolit,JBL,Xtreme 3 Camouflage,speaker,99900,jbl-xtreme-3-camouflage,JBL Xtreme 3 Camouflage
ibolit,JBL,Xtreme 4 Squad,speaker,142000,jbl-xtreme-4-squad,JBL Xtreme 4 Squad
ibolit,Lenovo,Legion 5 Pro 16 IRX9,laptop,755000,lenovo-legion-5-pro-16-irx9,Lenovo Legion 5 Pro 16 IRX9
ibolit,Lenovo,Legion Pro 5 Slim,laptop,680000,lenovo-legion-pro-5-slim,Lenovo Legion Pro 5 Slim
ibolit,Lenovo,Legion Slim 5 14 APH8 OLED 82Y5000AUS,laptop,599000,lenovo-legion-slim-5-14-aph8-oled-82y5000aus,Lenovo Legion Slim 5 14 APH8 OLED 82Y5000AUS
ibolit,Lenovo,LOQ 15 ARP9 83JC0000US,laptop,475000,lenovo-loq-15-arp9-83jc0000us,Lenovo LOQ 15 ARP9 83JC0000US
ibolit,Lenovo,LOQ Tower 17 IRR9 90X0002MGH,laptop,399000,lenovo-loq-tower-17-irr9-90x0002mgh,Lenovo LOQ Tower 17 IRR9 90X0002MGH
ibolit,Lenovo,ThinkPad E16 Gen 1 21JN001QGP,laptop,451000,lenovo-thinkpad-e16-gen-1-21jn001qgp,Lenovo ThinkPad E16 Gen 1 21JN001QGP16
ibolit,Lenovo,ThinkPad E16 Gen 2 21MA002XRT,laptop,520000,lenovo-thinkpad-e16-gen-2-21ma002xrt,Lenovo ThinkPad E16 Gen 2 21MA002XRT
ibolit,Lenovo,ThinkPad E16 Gen 2 21MA004VRT,laptop,467000,lenovo-thinkpad-e16-gen-2-21ma004vrt,Lenovo ThinkPad E16 Gen 2 21MA004VRT
ibolit,Lenovo,ThinkPad T16 Gen 2 21HH005AGQ,laptop,655000,lenovo-thinkpad-t16-gen-2-21hh005agq,Lenovo ThinkPad T16 Gen 2 21HH005AGQ
ibolit,Lenovo,Yoga Pro 7 14 AHP9 83E3002ARK,laptop,548000,lenovo-yoga-pro-7-14-ahp9-83e3002ark,Lenovo Yoga Pro 7 14 AHP9 83E3002ARK
ibolit,Lenovo,Yoga Pro 9 16IMH9,laptop,1099000,lenovo-yoga-pro-9-16imh9,Lenovo Yoga Pro 9 16IMH9
ibolit,Lenovo,Yoga Pro 9 16IMH9 83DN002RRK Mini LED,laptop,1165000,lenovo-yoga-pro-9-16imh9-83dn002rrk-mini-led,Lenovo Yoga Pro 9 16IMH9 83DN002RRK Mini LED
ibolit,Marshall,Acton III,speaker,109000,marshall-acton-iii,Marshall Acton III Cream
ibolit,Marshall,Woburn III,speaker,189000,marshall-woburn-iii,Marshall Woburn III Cream
ibolit,MSI,Cyborg 15 A12VF 043US,laptop,545000,msi-cyborg-15-a12vf-043us,MSI Cyborg 15 A12VF 043US
ibolit,MSI,Cyborg 15 A13UC-821XAE,laptop,456000,msi-cyborg-15-a13uc-821xae,MSI Cyborg 15 A13UC-821XAE
ibolit,MSI,Cyborg 15 A13VE-218US,laptop,539000,msi-cyborg-15-a13ve-218us,MSI Cyborg 15 A13VE-218US
ibolit,MSI,Modern 15 A11MU 1006XGE,laptop,220000,msi-modern-15-a11mu-1006xge,MSI Modern 15 A11MU 1006XGE
ibolit,MSI,Modern 15 B11M 006XGE,laptop,305000,msi-modern-15-b11m-006xge,MSI Modern 15 B11M 006XGE
ibolit,MSI,MODERN 15 B5M-008XGE,laptop,270000,msi-modern-15-b5m-008xge,MSI MODERN 15 B5M-008XGE
ibolit,Samsung,Galaxy Book 4 NP750XGK-KS2US,laptop,372000,samsung-galaxy-book-4-np750xgk-ks2us,Samsung Galaxy Book 4 NP750XGK-KS2US
ibolit,Samsung,Galaxy Tab A8 10.5 X200,tablet,77000,samsung-galaxy-tab-a8-10-5-x200,Samsung Galaxy Tab A8 10.5 32GB X200 Gray
ibolit,Samsung,Galaxy Tab A8 10.5 X205,tablet,77000,samsung-galaxy-tab-a8-10-5-x205,Samsung Galaxy Tab A8 10.5 32GB X205 Gray
ibolit,Samsung,Galaxy Tab S9 FE X510,tablet,165000,samsung-galaxy-tab-s9-fe-x510,Samsung Galaxy Tab S9 FE 6GB 128GB X510 Mint
ibolit,Samsung,Galaxy Tab S9 FE X516,tablet,209000,samsung-galaxy-tab-s9-fe-x516,Samsung Galaxy Tab S9 FE 6GB 128GB X516 Silver
ibolit,Samsung,Odyssey Ark 55” LS55CG97WNIXCI,monitor,1240000,samsung-odyssey-ark-55-ls55cg97wnixci,Samsung Odyssey Ark 55” LS55CG97WNIXCI
ibolit,Samsung,Odyssey G3 24” S24AG304NR,monitor,72000,samsung-odyssey-g3-24-s24ag304nr,Samsung Odyssey G3 24” S24AG304NR
ibolit,Samsung,Odyssey G8 OLED 34” S34BG850SU,tv,499000,samsung-odyssey-g8-oled-34-s34bg850su,Samsung Odyssey G8 OLED 34” S34BG850SU Smart TV
ibolit,Sony,PlayStation VR2,console,229000,sony-playstation-vr2,Sony PlayStation VR2
ibolit,Sony,PlayStation VR2 Horizon,console,289900,sony-playstation-vr2-horizon,Sony PlayStation VR2 Horizon
ibolit,Sony,WF-1000XM5 Wireless Headphones,earbuds,139900,sony-wf-1000xm5-wireless-headphones,Sony WF-1000XM5 Wireless Headphones Silver
ibolit,Xiaomi,Mi Electric Kettle Pro 2,appliance,3200,xiaomi-mi-electric-kettle-pro-2,Xiaomi Mi Electric Kettle Pro 2 White
ibolit,Xiaomi,Mi Smart Band 8 Active,watch,11400,xiaomi-mi-smart-band-8-active,Xiaomi Mi Smart Band 8 Active Pink
ibolit,Xiaomi,Mi Smart Band 9,watch,19000,xiaomi-mi-smart-band-9,Xiaomi Mi Smart Band 9
ibolit,Xiaomi,Mi Smart Kettle Pro MJHWSH02YM,appliance,32000,xiaomi-mi-smart-kettle-pro-mjhwsh02ym,Xiaomi Mi Smart Kettle Pro MJHWSH02YM
ibolit,Xiaomi,Poco F6,phone,192000,xiaomi-poco-f6,Xiaomi Poco F6 12GB / 512GB Titanium
ibolit,Xiaomi,Poco F6 Pro,phone,236000,xiaomi-poco-f6-pro,Xiaomi Poco F6 Pro 12GB / 512GB White
ibolit,Xiaomi,Poco X5 5G,phone,97000,xiaomi-poco-x5-5g,Xiaomi Poco X5 5G 8GB / 256GB Green
ibolit,Xiaomi,Poco X7,phone,117000,xiaomi-poco-x7,Xiaomi Poco X7 12GB / 512GB Silver
ibolit,Xiaomi,Redmi 10A,phone,40000,xiaomi-redmi-10a,Xiaomi Redmi 10A 2GB / 32GB Chrome Silver
ibolit,Xiaomi,Redmi 4 Active,earbuds,19000,xiaomi-redmi-4-active,Xiaomi Redmi Buds 4 Active
ibolit,Xiaomi,Redmi 4 BHR 5846 GL,earbuds,15000,xiaomi-redmi-4-bhr-5846-gl,Xiaomi Redmi Buds 4 BHR 5846 GL
ibolit,Xiaomi,Redmi 4 Lite,earbuds,11000,xiaomi-redmi-4-lite,Xiaomi Redmi Buds 4 Lite
ibolit,Xiaomi,Redmi 5,earbuds,20000,xiaomi-redmi-5,Xiaomi Redmi Buds 5
ibolit,Xiaomi,Redmi Smart Band 2,watch,14900,xiaomi-redmi-smart-band-2,Xiaomi Redmi Smart Band 2 White
ibolit,Xiaomi,Smart Band 8 Active,watch,17000,xiaomi-smart-band-8-active,Xiaomi Smart Band 8 Active
ibolit,Xiaomi,Smart IR Control,speaker,22600,xiaomi-smart-ir-control,Xiaomi Smart Speaker IR Control
ibolit,Xiaomi,Smart Mi Band 8 Pro,watch,34400,xiaomi-smart-mi-band-8-pro,Xiaomi Smart Mi Band 8 Pro Black
ibolit istyle,Harman Kardon,Studio 8,speaker,97000,harman-kardon-studio-8,Harman Kardon Onyx Studio 8
ibolit istyle,Marshall,Uxbridge,speaker,105000,marshall-uxbridge,Marshall Uxbridge
ibolit istyle,Marshall,Willen,speaker,54000,marshall-willen,Marshall Willen Cream
ibolit pixel,JBL,Partybox 120,speaker,159000,jbl-partybox-120,JBL Partybox 120 (Սև)
ibolit pixel,JBL,Partybox 320,speaker,205000,jbl-partybox-320,JBL Partybox 320 (Սև)
ibolit pixel,JBL,Xtreme 4,speaker,137000,jbl-xtreme-4,JBL Xtreme 4 (Սև)
ibolit pixel,Samsung,Galaxy 2,earbuds,42000,samsung-galaxy-2,Galaxy Buds 2
ibolit pixel,Samsung,Galaxy 2 Pro,earbuds,48000,samsung-galaxy-2-pro,Galaxy Buds 2 Pro
ibolit pixel,Samsung,Galaxy 3,earbuds,44000,samsung-galaxy-3,Samsung Galaxy Buds 3
ibolit pixel,Samsung,Galaxy Tab A9 X110,tablet,43900,samsung-galaxy-tab-a9-x110,Samsung Galaxy Tab A9 X110
ibolit pixel,Samsung,Galaxy Tab A9 X115,tablet,55900,samsung-galaxy-tab-a9-x115,Samsung Galaxy Tab A9 X115
ibolit pixel,Samsung,Galaxy Tab A9+ X210,tablet,66900,samsung-galaxy-tab-a9plus-x210,Samsung Galaxy Tab A9+ X210
ibolit pixel,Samsung,Galaxy Tab A9+ X216,tablet,79900,samsung-galaxy-tab-a9plus-x216,Samsung Galaxy Tab A9+ X216
istyle,Apple,iMac 24-inch M3 8RAM /2023,desktop,879000,apple-imac-24-inch-m3-8ram-2023,iMac 24-inch M3 8RAM /2023/
istyle,Apple,iPad 10 A16 Wi-Fi /2025,tablet,215000,apple-ipad-10-a16-wi-fi-2025,iPad 10 A16 Wi-Fi /2025/
istyle,Apple,iPad Mini 7 WiFi,tablet,223000,apple-ipad-mini-7-wifi,iPad Mini 7 WiFi
istyle,Apple,MacBook Air M5 13. RAM,laptop,779000,apple-macbook-air-m5-13-ram,MacBook Air M5 13.6/24 RAM
istyle,Apple,MacBook Air M5 RAM,laptop,579000,apple-macbook-air-m5-ram,MacBook Air M5 13/16GB RAM
istyle,Apple,Ultra 2,watch,339000,apple-ultra-2,Apple Watch Ultra 2
istyle,Dyson,AirStarit,appliance,175000,dyson-airstarit,Dyson AirStarit (HT01) Amber Silk
istyle,Dyson,AirStarit 2026,appliance,175000,dyson-airstarit-2026,Dyson AirStarit (HT01) Orange 2026
istyle,Dyson,AirStarit Kanzan,appliance,162000,dyson-airstarit-kanzan,Dyson AirStarit (HT01) Kanzan Pink
istyle,Dyson,AirStarit Plum,appliance,165000,dyson-airstarit-plum,Dyson AirStarit (HT01) Jasper Plum
istyle,Dyson,Dyson Supersonic Nural hair dryer,appliance,229000,dyson-nural-er,Dyson Supersonic Nural™ hair dryer
istyle,Dyson,Dyson Supersonic r DH17,appliance,229000,dyson-r-dh17,Dyson Supersonic r™ DH17
istyle,JBL,PartyBox Club 120,speaker,184000,jbl-partybox-club-120,JBL PartyBox Club 120
istyle,JBL,PartyBox Stage 320,speaker,255000,jbl-partybox-stage-320,JBL PartyBox Stage 320
istyle,Marshall,Acton 3,speaker,125000,marshall-acton-3,Marshall Acton 3
istyle,Marshall,Middleton,speaker,125000,marshall-middleton,Marshall Middleton
istyle,Marshall,Woburn 3,speaker,219000,marshall-woburn-3,Marshall Woburn 3
istyle,Samsung,Galaxy 9 40mm,watch,148000,samsung-galaxy-9-40mm,Galaxy Watch 9 / 40mm
istyle,Samsung,Galaxy 9 44mm,watch,158000,samsung-galaxy-9-44mm,Galaxy Watch 9 / 44mm
istyle pixel,Harman Kardon,Studio 9,speaker,135000,harman-kardon-studio-9,Harman Kardon Onyx Studio 9
istyle pixel,Marshall,Emberton III,speaker,79000,marshall-emberton-iii,Marshall Emberton 3 (Կաթնագույն)
pixel,Apple,iPad 11,tablet,189000,apple-ipad-11,iPad 11
pixel,Apple,iPad 9,tablet,139000,apple-ipad-9,iPad 9
pixel,Apple,iPad Air 13 M3,tablet,335000,apple-ipad-air-13-m3,iPad Air 13 M3
pixel,Apple,iPad Mini 6,tablet,209000,apple-ipad-mini-6,iPad Mini 6
pixel,Apple,iPad Mini 7,tablet,224000,apple-ipad-mini-7,iPad Mini 7
pixel,Apple,iPad Pro 13 M4,tablet,459000,apple-ipad-pro-13-m4,iPad Pro 13 M4
pixel,Apple,Macbook PRO 14 M4,laptop,669000,apple-macbook-pro-14-m4,Macbook PRO 14 M4
pixel,Apple,Macbook PRO 14 M4 Max,laptop,1299000,apple-macbook-pro-14-m4-max,Macbook PRO 14 M4 Max
pixel,Apple,Macbook PRO 16 M4 Max,laptop,1499000,apple-macbook-pro-16-m4-max,Macbook PRO 16 M4 Max
pixel,Apple,Macbook PRO 16 M4 Pro,laptop,1229000,apple-macbook-pro-16-m4-pro,Macbook PRO 16 M4 Pro
pixel,Dyson,Airstrait HT01 (Ceramic Pink),appliance,189000,dyson-ht01-airstrait-straightener-ceramic,Dyson HT01 Airstrait™ Straightener Ceramic Pink
pixel,Dyson,Airstrait HT01 (Jasper Plum),appliance,189000,dyson-ht01-airstrait-straightener-plum,Dyson HT01 Airstrait™ Straightener Jasper Plum
pixel,Dyson,Airstrait HT01 (Prussian Blue),appliance,189000,dyson-ht01-airstrait-straightener-blue-rich,Dyson HT01 Airstrait™ Straightener Prussian Blue/Rich Copper
pixel,Dyson,Airstrait HT01 (Red Velvet),appliance,189000,dyson-ht01-airstrait-straightener-velvet-gold,Dyson HT01 Airstrait™ Straightener Red Velvet/Gold
pixel,Dyson,Airstrait HT01 (Strawberry),appliance,189000,dyson-ht01-airstrait-straightener-strawberry-bronze-blush,Dyson HT01 Airstrait™ Straightener Strawberry Bronze/Blush Pink
pixel,Dyson,Airwrap HS05 (Prussian Blue),appliance,209000,dyson-hs05-multi-short-and-coarse-blue-rich,Dyson HS05 Airwrap™ multi-styler Short and Coarse Prussian Blue/Rich Copper
pixel,Dyson,Airwrap HS05 Complete Long (Blue),appliance,249000,dyson-hs05-multi-complete-long-blue-topaz,Dyson HS05 Airwrap™ Multi-styler Complete Long Prussian Blue/Topaz
pixel,Dyson,Airwrap HS05 Complete Long (Blue/Copper),appliance,259000,dyson-hs05-multi-complete-long-blue-copper,Dyson HS05 Airwrap™ Multi-styler Complete Long Prussian Blue/Copper
pixel,Dyson,Airwrap HS05 Complete Long (Fuchsia),appliance,245000,dyson-hs05-multi-complete-long-fuchisa-nickel,Dyson HS05 Airwrap™ multi-styler Complete Long Fuchisa/Nickel
pixel,Dyson,Airwrap HS05 Complete Long (Gold),appliance,248000,dyson-hs05-multi-complete-long-gold-onyx,Dyson HS05 Airwrap™ Multi-styler Complete Long Gold/Onyx Black
pixel,Dyson,Airwrap HS05 Complete Long (Strawberry),appliance,273000,dyson-hs05-multi-complete-long-strawberry-bronze-pink,Dyson HS05 Airwrap™ Multi-styler Complete Long Strawberry Bronze/Pink
pixel,Dyson,Airwrap HS08 (Ceramic Patina),appliance,265000,dyson-hs08-id-multi-ceramic-patina-topaz,Dyson HS08 Airwrap™ ID Multi-Styler Ceramic Patina/Topaz
pixel,Dyson,Airwrap HS08 (Red Velvet),appliance,289000,dyson-hs08-multi-and-dryer-straightpluswavy-velvet-gold,Dyson HS08 Airwrap™ Multi-styler and dryer Straight+Wavy Red Velvet/Gold
pixel,Dyson,Airwrap HS08 (Strawberry Bronze),appliance,311000,dyson-hs08-multi-and-dryer-straightpluswavy-strawberry-bronze-blush,Dyson HS08 Airwrap™ Multi-styler and dryer Straight+Wavy Strawberry Bronze/Blush Pink
pixel,Dyson,Airwrap HS08 (Vinca Blue),appliance,294000,dyson-hs08-multi-and-dryer-curlypluscoily-vinca-blue-topaz,Dyson HS08 Airwrap™ Multi-styler and dryer Curly+Coily Vinca Blue/Topaz
pixel,Dyson,Dyson HD16 Supersonic Nural Jasper Plum,appliance,249000,dyson-hd16-nural-plum,Dyson HD16 Supersonic™ Nural Jasper Plum
pixel,Dyson,Dyson HD16 Supersonic Nural Red Velvet,appliance,279000,dyson-hd16-nural-velvet,Dyson HD16 Supersonic™ Nural Red Velvet
pixel,Dyson,Dyson HD16 Supersonic Vinca Blue/Topaz,appliance,215000,dyson-hd16-vinca-blue-topaz,Dyson HD16 Supersonic™ Vinca Blue/Topaz
pixel,Dyson,Dyson HD18 Supersonic Vinca Blue/Topaz,appliance,233000,dyson-hd18-vinca-blue-topaz,Dyson HD18 Supersonic™ Vinca Blue/Topaz
pixel,Dyson,HS08 Airwrap ID Multi- Jasper Plum,appliance,269000,dyson-hs08-id-multi-plum,Dyson HS08 Airwrap™ ID Multi-Styler Jasper Plum
pixel,Dyson,HS08 Airwrap ID Multi- Red Velvet/Gold,appliance,299000,dyson-hs08-id-multi-velvet-gold,Dyson HS08 Airwrap™ ID Multi-Styler Red Velvet/Gold
pixel,Dyson,Supersonic HD07 (Iron Fuchsia),appliance,192000,dyson-er-hd07,Dyson Supersonic Hair Dryer HD07 (Iron Fuchsia)
pixel,Dyson,Supersonic HD15 (Black),appliance,185000,dyson-hd15-er-black-onyx,Dyson HD15 Supersonic™ Hair Dryer Black/Onyx Gold
pixel,Dyson,Supersonic HD15 (Nickel),appliance,205000,dyson-hd15-er-nickel-copper,Dyson HD15 Supersonic™ Hair Dryer Nickel/Copper
pixel,Dyson,Supersonic Nural HD16 (Ceramic),appliance,219000,dyson-hd16-nural-ceramic-patina-topaz,Dyson HD16 Supersonic™ Nural Ceramic Patina/Topaz
pixel,Dyson,Supersonic Nural HD16 (Strawberry),appliance,229000,dyson-hd16-nural-strawberry-bronze-blush,Dyson HD16 Supersonic™ Nural Strawberry Bronze/Blush Pink
pixel,Google,Pixel 9,phone,285000,google-pixel-9,Google Pixel 9
pixel,Google,Pixel 9 Pro,phone,375000,google-pixel-9-pro,Google Pixel 9 Pro
pixel,Google,Pixel 9 Pro XL,phone,389000,google-pixel-9-pro-xl,Google Pixel 9 Pro XL
pixel,Marshall,Willen II,speaker,59000,marshall-willen-ii,Marshall Willen II (Կաթնագույն)
pixel,Samsung,Galaxy 3 FE,earbuds,36000,samsung-galaxy-3-fe,Samsung Galaxy Buds 3 FE
pixel,Samsung,Galaxy Active 2,watch,59000,samsung-galaxy-active-2,Galaxy Watch Active 2
pixel,Samsung,Galaxy FE,watch,62000,samsung-galaxy-fe,Samsung Galaxy Watch FE
pixel,Samsung,Galaxy Tab S9 Ultra,tablet,462900,samsung-galaxy-tab-s9-ultra,Samsung Galaxy Tab S9 Ultra
pixel,Samsung,Galaxy Ultra 47mm 2024,watch,159000,samsung-galaxy-ultra-47mm-2024,Samsung Galaxy Watch Ultra 47mm 2024 (Սպիտակ Տիտան)
pixel,Samsung,Galaxy Ultra 47mm 2025,watch,159000,samsung-galaxy-ultra-47mm-2025,Samsung Galaxy Watch Ultra 47mm 2025 (Մոխրագույն Տիտան)
pixel,Sony,PS5 BackBone,console,55000,sony-ps5-backbone,Sony PS5 BackBone
pixel,Sony,PS5 Driving Force Hori Racing Wheel,console,78000,sony-ps5-driving-force-hori-racing-wheel,Sony PS5 Driving Force Hori Racing Wheel
pixel,Sony,PS5 HD Camera,console,28000,sony-ps5-hd-camera,Sony PS5 HD Camera (Սպիտակ)
pixel,Sony,PS5 PULSE Elite Wireless,headphones,69000,sony-ps5-pulse-elite-wireless,Sony PS5 PULSE Elite Wireless Headset (Սպիտակ)
pixel,Sony,PS5 PULSE Explore Wireless,earbuds,99000,sony-ps5-pulse-explore-wireless,Sony PS5 PULSE Explore Wireless Earbuds (Սպիտակ)
pixel,Sony,PS5 VR 2,console,229000,sony-ps5-vr-2,Sony PS5 VR 2
pixel,Whoop,Life,watch,189000,whoop-life,Whoop Life (MG)
pixel,Xiaomi,POCO C81 Pro,phone,53000,poco-c81-pro,Poco C81 Pro
pixel,Xiaomi,POCO X8 Pro 5G,phone,169000,poco-x8-pro-5g,Poco X8 Pro 5G
pixel,Xiaomi,Redmi 15 4G,phone,58000,xiaomi-redmi-15-4g,Redmi 15 4G
pixel,Xiaomi,Redmi Note 14 Pro Plus 5G,phone,145000,xiaomi-redmi-note-14-pro-plus-5g,Redmi Note 14 Pro Plus 5G
pixel,Xiaomi,Redmi Note 15 Pro Plus 5G,phone,173000,xiaomi-redmi-note-15-pro-plus-5g,Redmi Note 15 Pro Plus 5G
pixel,Xiaomi,Redmi Pad SE 8.7 4G,tablet,69900,xiaomi-redmi-pad-se-8-7-4g,Xiaomi Redmi Pad SE 8.7 4G
pixel zigzag,Xiaomi,POCO M8 5G,phone,109000,xiaomi-poco-m8-5g,Xiaomi POCO M8 5G 8GB/256GB Black
zigzag,Apple,HomePod Mini /MJ2E3LL/A*,speaker,72900,apple-homepod-mini-mj2e3ll-a,Apple HomePod Mini Yellow /MJ2E3LL/A*
zigzag,Apple,iPad Pro 12.9 M2 Cell SpaceGray/MP5X3*,tablet,537400,apple-ipad-pro-12-9-m2-cell-spacegray-mp5x3,Apple iPad Pro 12.9 M2 128GB Cell SpaceGray/MP5X3*
zigzag,Apple,iPad Pro 12.9 M2 WiFi S.Grey/MNXP3RK/A,tablet,505400,apple-ipad-pro-12-9-m2-wifi-s-grey-mnxp3rk-a,Apple iPad Pro 12.9 M2 WiFi 128GB S.Grey/MNXP3RK/A
zigzag,Apple,iPad Pro 12.9 M2 WiFi Silver/MNXQ3RK/A,tablet,505400,apple-ipad-pro-12-9-m2-wifi-silver-mnxq3rk-a,Apple iPad Pro 12.9 M2 WiFi 128GB Silver/MNXQ3RK/A
zigzag,Apple,Studio Display XDR,monitor,1999000,apple-studio-display-xdr-2026-tilt-height-adjustable-mfel4,Apple Studio Display XDR 2026 Tilt-Height adjustable /MFEL4*
zigzag,Apple,Ultra 2 49mm Blue/Black M/L/MRF63RB/A,watch,406500,apple-ultra-2-49mm-blue-black-m-l-mrf63rb-a,Apple Watch Ultra 2 49mm Blue/Black M/L/MRF63RB/A
zigzag,Apple,Watch Ultra 2 49mm,watch,406000,apple-ultra-2-49mm-titaniumplusdark-alpine-loop-l-mx4t3,Apple Watch Ultra 2 49mm Black Titanium+Dark Green Alpine Loop L /MX4T3*
zigzag,ASUS,Vivobook S 15 (i9),laptop,643600,asus-vivobook-s-15-6-i9-13900h-16-1-camo-w11-k5504va-pb99-gr,"Asus Vivobook S 15.6"" i9-13900H 16/1 CAMO GREEN W11 /K5504VA-PB99-GR*"
zigzag,ASUS,Vivobook S 15 (i9),laptop,643600,asus-vivobook-s-15-6-i9-13900h-16-1-camo-w11-k5504va-pb99-sl,"Asus Vivobook S 15.6"" i9-13900H 16/1 CAMO SILVER W11 /K5504VA-PB99-SL*"
zigzag,Garmin,CIRQA Smart Band,watch,89000,garmin-cirqa-smart-band-captain-s-m,Garmin CIRQA™ Smart Band  Captain Blue  S-M
zigzag,Garmin,CIRQA Smart Band,watch,89000,garmin-cirqa-smart-band-french-s-m,Garmin CIRQA™ Smart Band  French Gray  S-M
zigzag,Garmin,CIRQA Smart Band,watch,89000,garmin-cirqa-smart-band-mauve-s-m,Garmin CIRQA™ Smart Band  Mauve  S-M
zigzag,Garmin,Fenix 7 Pro Sapphire Solar,watch,299000,garmin-fenix-7-pro-sapphire-solar,Garmin Fenix 7 Pro Sapphire Solar Black
zigzag,Garmin,Fenix 7X Pro – Sapphire Solar Edition,watch,329000,garmin-fenix-7x-pro-sapphire-solar-edition,Garmin Fenix 7X Pro – Sapphire Solar Edition
zigzag,Garmin,"Fenix 8 – 47 mm, AMOLED",watch,348000,garmin-fenix-8-47-mm-amoled,Garmin Fenix 8 – 47 mm  AMOLED Slate Gray
zigzag,Garmin,"Fenix 8 – 47 mm, AMOLED Sapphire Carbon",watch,386280,garmin-fenix-8-47-mm-amoled-sapphire-carbon,Garmin Fenix 8 – 47 mm  AMOLED Sapphire Carbon Gray Titanium
zigzag,Garmin,"Fenix 8 – 47 mm, AMOLED Sapphire Spark",watch,386280,garmin-fenix-8-47-mm-amoled-sapphire-spark,Garmin Fenix 8 – 47 mm  AMOLED Sapphire Spark Orange Titanium
zigzag,Garmin,Fenix 8 47mm AMOLED,watch,532000,garmin-fenix-8-47-mm-amoled-sapphire-with-vented-bracelet,Garmin Fenix 8 – 47 mm  AMOLED Sapphire  Titanium with Vented titanium bracelet
zigzag,Garmin,"Fenix 8 Pro – 47 mm, AMOLED",watch,434130,garmin-fenix-8-pro-47-mm-amoled,Garmin Fenix 8 Pro – 47 mm  AMOLED
zigzag,Garmin,"Fenix 8 Pro – 51 mm, AMOLED",watch,468930,garmin-fenix-8-pro-51-mm-amoled,Garmin Fenix 8 Pro – 51 mm  AMOLED
zigzag,Garmin,"Fenix 9 Pro 47mm, AMOLED, Carbon DLC",watch,489000,garmin-fenix-9-pro-47mm-amoled-carbon-dlc,Garmin Fenix 9 Pro 47mm  AMOLED  Carbon Gray DLC Titanium
zigzag,Garmin,"Fenix 9, 51mm, Carbon DLC, Band",watch,489000,garmin-fenix-9-51mm-carbon-dlc-band,Garmin Fenix 9  51mm  Carbon DLC  Black Band
zigzag,Garmin,Forerunner 170,watch,129000,garmin-forerunner-170,Garmin Forerunner 170 Black
zigzag,Garmin,Forerunner 170 Music,watch,159000,garmin-forerunner-170-music,Garmin Forerunner 170 Music Black
zigzag,Garmin,Forerunner 170 Music Whitestone,watch,159000,garmin-forerunner-170-music-whitestone,Garmin Forerunner 170 Music Whitestone
zigzag,Garmin,Forerunner 170 Whitestone,watch,129000,garmin-forerunner-170-whitestone,Garmin Forerunner 170 Whitestone
zigzag,Garmin,Forerunner 570,watch,215100,garmin-forerunner-570,Garmin Forerunner 570 Black
zigzag,Garmin,Forerunner 70,watch,109000,garmin-forerunner-70,Garmin Forerunner 70 Black
zigzag,Garmin,Forerunner 70 Citron,watch,109000,garmin-forerunner-70-citron,Garmin Forerunner 70 Citron
zigzag,Garmin,Forerunner 70 Whitestone,watch,109000,garmin-forerunner-70-whitestone,Garmin Forerunner 70 Whitestone
zigzag,Garmin,"Garmin CIRQA Smart Band, Black, S-M",watch,89000,garmin-cirqa-smart-band-s-m,Garmin CIRQA™ Smart Band  Black  S-M
zigzag,Garmin,Garmin Forerunner 965 Black/Powder Grey,watch,206100,garmin-forerunner-965-black-powder,Garmin Forerunner® 965 Black/Powder Grey
zigzag,Garmin,Garmin Forerunner 970 Black,watch,296100,garmin-forerunner-970,Garmin Forerunner® 970 Black
zigzag,Garmin,Garmin vivoactive 6 Lunar Gold,watch,144000,garmin-vivoactive-6,Garmin vivoactive® 6 Lunar Gold
zigzag,Garmin,Instinct 2X Solar,watch,169150,garmin-instinct-2x-solar,Garmin Instinct 2X Solar Graphite
zigzag,Garmin,Instinct 2X Solar – Tactical Edition,watch,166500,garmin-instinct-2x-solar-tactical-edition,Garmin Instinct 2X Solar - Tactical Edition Coyote
zigzag,Garmin,Instinct 2X Solar Moss,watch,169150,garmin-instinct-2x-solar-moss,Garmin Instinct 2X Solar Moss
zigzag,Garmin,"Instinct 3 – 45 mm, AMOLED",watch,158400,garmin-instinct-3-45-mm-amoled,Garmin Instinct 3 – 45 mm  AMOLED
zigzag,Garmin,"Instinct 3 – 45 mm, Solar",watch,140800,garmin-instinct-3-45-mm-solar,Garmin Instinct 3 – 45 mm  Solar
zigzag,Garmin,"Instinct 3, 50mm,AMOLED",watch,176000,garmin-instinct-3-50mm-amoled,Garmin Instinct 3  50mm AMOLED
zigzag,Garmin,"Instinct 3, 50mm,Solar",watch,158400,garmin-instinct-3-50mm-solar,Garmin Instinct 3  50mm Solar
zigzag,Garmin,Venu 3 leather,watch,179100,garmin-venu-3-leather,Garmin Venu 3 Black leather
zigzag,Garmin,Venu 3s French,watch,189000,garmin-venu-3s-french,Garmin Venu 3s French grey
zigzag,Garmin,Venu 4 - 41 mm,watch,239000,garmin-venu-4-41-mm,Garmin Venu 4 - 41 mm Lunar Gold
zigzag,Garmin,"Venu X1, GPS",watch,269100,garmin-venu-x1-gps,Garmin Venu X1  GPS  Black
zigzag,Garmin,"Venu X1, GPS, Moss",watch,269100,garmin-venu-x1-gps-moss,Garmin Venu X1  GPS  Moss
zigzag,Garmin,Vivoactive 5,watch,121500,garmin-vivoactive-5,Garmin Vivoactive 5 Ivory
zigzag,Google,Pixel 10 Pro Fold /GU0NP,phone,919000,google-pixel-10-pro-fold-gu0np,Google Pixel 10 Pro Fold 512GB Moonstone /GU0NP
zigzag,Honor,5 STL-B19 /5502ABGJ,watch,64900,honor-5-stl-b19-5502abgj,Honor Watch 5 Green STL-B19 /5502ABGJ
zigzag,Honor,Choice 2i KCH-WB01 /5504ACGM,watch,19900,honor-choice-2i-kch-wb01-5504acgm,Honor Choice Watch 2i Black KCH-WB01 /5504ACGM
zigzag,Honor,Choice 2i KCH-WB01 /5504ACGN,watch,19900,honor-choice-2i-kch-wb01-5504acgn,Honor Choice Watch 2i White KCH-WB01 /5504ACGN
zigzag,Honor,MagicBook Pro 16 (24GB),laptop,579900,honor-magicbook-pro-16-ultra-5-125h-24-1-w11h-5301ajje,"Honor MagicBook Pro 16"" Ultra 5-125H 24/1 Purple W11H /5301AJJE"
zigzag,Honor,MagicBook Pro 16 (24GB),laptop,559900,honor-magicbook-pro-16-ultra-5-125h-24-1-w11h-5301ajjg,"Honor MagicBook Pro 16"" Ultra 5-125H 24/1 White W11H /5301AJJG"
zigzag,HP,EliteBook 8 Flip G1i,laptop,789000,hp-elitebook-8-flip-g1i-13-3-ultra-5-225u-w11p-a37fyet,"HP EliteBook 8 Flip G1i 13.3"" Ultra 5-225U 32GB/512GB W11P /A37FYET"
zigzag,HP,OmniBook 5 16,laptop,439900,hp-omnibook-5-16-ultra-5-225u-16-1-bm0q2ea,"HP OmniBook 5 16"" Ultra 5-225U 16/1 /BM0Q2EA"
zigzag,HP,OmniBook 5 16 (Ultra 7),laptop,499000,hp-omnibook-5-16-ultra-7-255u-16-1-bk9y8ea,"HP OmniBook 5 16"" Ultra 7-255U 16/1 /BK9Y8EA"
zigzag,Lenovo,ThinkPad T16 G4,laptop,839000,lenovo-thinkpad-t16-g4-16-ultra-7-255u-21qe0066fw,"Lenovo ThinkPad T16 G4 16"" Ultra 7-255U 16GB/512GB /21QE0066FW"
zigzag,Nothing,6974434224179,headphones,157000,nothing-6974434224179,Nothing Headphone ( 1 ) White /6974434224179
zigzag,Nothing,CMF 3 Pro /6974434225312,watch,55000,nothing-cmf-3-pro-6974434225312,Nothing CMF Watch 3 Pro Dark Grey /6974434225312
zigzag,Samsung,Galaxy 7 Ultra 47mm /SM-L705F,watch,229900,samsung-galaxy-7-ultra-47mm-sm-l705f,Samsung Galaxy Watch 7 Ultra 47mm Gray /SM-L705F
zigzag,Sony,WF-1000XM5/BCE,earbuds,147900,sony-wf-1000xm5-bce,Sony WF-1000XM5/BCE
zigzag,Sony,WF-1000XM5/SCE,earbuds,147900,sony-wf-1000xm5-sce,Sony WF-1000XM5/SCE
zigzag,Sony,WF-C510/B,earbuds,31900,sony-wf-c510-b,Sony WF-C510/B
zigzag,Sony,WF-C510/L,earbuds,31900,sony-wf-c510-l,Sony WF-C510/L
zigzag,Sony,WF-C510/W,earbuds,31900,sony-wf-c510-w,Sony WF-C510/W
zigzag,Sony,WF-C510/YC,earbuds,31900,sony-wf-c510-yc,Sony WF-C510/YC
zigzag,Sony,WF-C700N/GZ E,earbuds,54900,sony-wf-c700n-gz-e,Sony WF-C700N/GZ E
zigzag,Sony,WF-C700N/WZ E,earbuds,52900,sony-wf-c700n-wz-e,Sony WF-C700N/WZ E
zigzag,Sony,WH-G900N/WZ E,headphones,151900,sony-wh-g900n-wz-e,Sony WH-G900N/WZ E
zigzag,Xiaomi,Redmi Note 17 4G,phone,129900,xiaomi-redmi-note-17-4g,Xiaomi Redmi Note 17 4G 8GB/256GB Black
zigzag,Xiaomi,Redmi Note 17 Pro Max 5G,phone,174900,xiaomi-redmi-note-17-pro-max-5g,Xiaomi Redmi Note 17 Pro Max 5G 8GB/256GB Black
