id,brand,name,category,why,shop,photo_w,photo_h,photo_url
xiaomi-poco-m7,Xiaomi,POCO M7,phone,source exists but under 600px,mobilecentre / pixel / eldorado,,,
dyson-nural-hd16-strawberry,Dyson,Supersonic Nural HD16,appliance,no source image at all,planet3d / eldorado / pixel,3954,1240,https://3dplanet.am/images/logo.png
dji-osmo-pocket-4,DJI,Osmo Pocket 4,drone,no source image at all,planet3d / allsell / pixel,3954,1240,https://3dplanet.am/images/logo.png
asus-vivobook-15-x1504va,ASUS,Vivobook 15 X1504VA,laptop,no source image at all,planet3d / vlv / eldorado,3954,1240,https://3dplanet.am/images/logo.png
apple-ultra-2,Apple,Watch Ultra 2,watch,no source image at all,planet3d / istyle / zigzag,3954,1240,https://3dplanet.am/images/logo.png
dyson-hd16-nural-plum,Dyson,HD16 Supersonic Nural Jasper Plum,appliance,no source image at all,eldorado / pixel,,,
dyson-origin-hs05,Dyson,Airwrap Origin HS05,appliance,no source image at all,planet3d / ibolit,3954,1240,https://3dplanet.am/images/logo.png
dyson-v12-detect-slim-cordless-vacuum-cleaner,Dyson,V12 Detect Slim Cordless Vacuum Cleaner,appliance,no source image at all,planet3d / ibolit,3954,1240,https://3dplanet.am/images/logo.png
samsung-galaxy-3-fe,Samsung,Galaxy Buds 3 FE,earbuds,source exists but under 600px,mobilecentre / pixel,,,
xiaomi-redmi-buds-6,Xiaomi,Redmi Buds 6,earbuds,no source image at all,ibolit / pixel,700,700,https://ibolit.mobi/wp-content/uploads/2025/03/red2231_1.jpg
beats-flex-all-day,Beats,Flex All-Day,headphones,source exists but under 600px,eldorado / mobilecentre,,,
bose-quietcomfort-45-acoustic,Bose,QuietComfort 45 Acoustic,headphones,no source image at all,istore / eldorado,600,600,https://istore.am/product_image/1760/1700550812_c9b086d058bd3c24c61d.jpgbose1-1.jpg
honor-choice-ros-me01,Honor,CHOICE ROS-ME01,headphones,source exists but under 600px,vlv / eldorado,,,
microsoft-xbox,Microsoft,Xbox Headset,headphones,no source image at all,eldorado / ibolit,,,
hp-omnibook-5-16-ultra-5-225u-16-1-bm0q2ea,HP,OmniBook 5 16,laptop,no source image at all,planet3d / zigzag,3954,1240,https://3dplanet.am/images/logo.png
apple-iphone-15-pro,Apple,iPhone 15 Pro,phone,no source image at all,istore / telecom,600,600,https://istore.am/product_image/1571/1694894487_1ab11214e0ed4d960f80.jpgiPhone%2015.jpg
honor-200,Honor,200,phone,no source image at all,eldorado / allsell,,,
samsung-galaxy-a07s,Samsung,Galaxy A07s,phone,source exists but under 600px,mobilecentre / vlv,,,
samsung-galaxy-a08,Samsung,Galaxy A08,phone,source exists but under 600px,mobilecentre / vlv,,,
xiaomi-redmi-10c,Xiaomi,Redmi 10C,phone,source exists but under 600px,mobilecentre / ucom,,,
xiaomi-redmi-note-15-pro-plus-5g,Xiaomi,Redmi Note 15 Pro Plus 5G,phone,source exists but under 600px,pixel / mobilecentre,1200,627,https://cdn.storech.com/uploads/store-media-files/000/000/000/000/002/575/1784146260-facebook-link-shablon-258.png
xiaomi-redmi-note-17-4g,Xiaomi,Redmi Note 17 4G,phone,source exists but under 600px,mobilecentre / zigzag,,,
jbl-partybox-club-120,JBL,PartyBox Club 120,speaker,no source image at all,eldorado / istyle,,,
apple-ipad-air-11-wi-fi-plus-cellular-2024,Apple,iPad Air 11 Wi-Fi + Cellular 2024,tablet,source exists but under 600px,mobilecentre / ibolit,,,
apple-ipad-air-13-wi-fi-plus-cellular-2024,Apple,iPad Air 13 Wi-Fi + Cellular 2024,tablet,source exists but under 600px,mobilecentre / ibolit,,,
honor-pad-x9a,Honor,Pad X9a,tablet,no source image at all,eldorado / zigzag,,,
hisense-55e7q-pro,Hisense,55E7Q PRO,tv,no source image at all,vlv / eldorado,,,
garmin-instinct-3-50mm-amoled,Garmin,"Instinct 3, AMOLED",watch,no source image at all,zigzag / eldorado,,,
garmin-venu-4-45-mm,Garmin,Venu 4,watch,no source image at all,eldorado / zigzag,,,
honor-choice-infowear-2i-kch-wb01,Honor,Choice Watch 2i,watch,no source image at all,eldorado / zigzag,,,
samsung-galaxy-active-2,Samsung,Galaxy Watch Active 2,watch,source exists but under 600px,mobilecentre / pixel,,,
dyson-airstarit,Dyson,AirStarit,appliance,no source image at all,istyle,700,700,https://istyle.am/storage/products/ht01-amberpng-20260803050327-h6lzvy.webp
dyson-airstarit-2026,Dyson,AirStarit 2026,appliance,no source image at all,istyle,378,825,https://istyle.am/storage/products/53f1b7774d403d948854eed3a1ea00a3-hijpg-20260803050715-swvd9s.webp
dyson-airstarit-kanzan,Dyson,AirStarit Kanzan,appliance,no source image at all,istyle,800,800,https://istyle.am/storage/products/straightener-dyson-ht01-airstrait-kanzan-pink-599523-01-1-eldorado-armeniajpg-20260803045801-29euua.webp
dyson-airstarit-plum,Dyson,AirStarit Plum,appliance,no source image at all,istyle,800,800,https://istyle.am/storage/products/straightener-dyson-ht01-airstrait-jasper-plum-mazi-arduk-vpryamitel-1-eldorado-armenia-20260803050039-ueu5k5.jpg
dyson-er-hd07,Dyson,Supersonic HD07,appliance,no source image at all,pixel,1200,627,https://cdn.storech.com/uploads/store-media-files/000/000/000/000/002/181/1739816992-hd07.png
dyson-hd16-nural-velvet,Dyson,HD16 Supersonic Nural Red Velvet,appliance,no source image at all,pixel,1200,627,https://cdn.storech.com/uploads/store-media-files/000/000/000/000/002/109/1731926962-1.png
dyson-hd16-vinca-blue-topaz,Dyson,HD16 Supersonic Vinca Blue/Topaz,appliance,no source image at all,pixel,1200,627,https://cdn.storech.com/uploads/store-media-files/000/000/000/000/002/109/1731926962-1.png
dyson-hs08-id-multi-plum,Dyson,HS08 Airwrap ID Multi- Jasper Plum,appliance,no source image at all,pixel,1200,627,https://cdn.storech.com/uploads/store-media-files/000/000/000/000/002/357/1751707895-facebook-link-shablon.png
dyson-hs08-id-multi-velvet-gold,Dyson,HS08 Airwrap ID Multi- Red Velvet/Gold,appliance,no source image at all,pixel,1200,627,https://cdn.storech.com/uploads/store-media-files/000/000/000/000/002/182/1739905954-741258.png
dyson-nural-er,Dyson,Supersonic Nural hair dryer,appliance,no source image at all,istyle,800,1200,https://istyle.am/storage/products/176979-01png-20260803054825-dbgqa4.jpeg
dyson-r-dh17,Dyson,Supersonic r DH17,appliance,no source image at all,istyle,640,960,https://istyle.am/storage/products/522268-01png-20260803053927-ewp4tu.jpeg
xiaomi-mi-electric-kettle-pro-2,Xiaomi,Mi Electric Kettle Pro 2,appliance,no source image at all,ibolit,700,700,https://ibolit.mobi/wp-content/uploads/2025/03/note_878.jpg
sony-playstation-dualsense-ps5,Sony,Playstation DualSense PS5,console,no source image at all,eldorado,,,
sony-ps5-backbone,Sony,PS5 BackBone,console,no source image at all,pixel,1200,627,https://cdn.storech.com/uploads/store-media-files/000/000/000/000/002/499/1769544522-facebook-link-shablon122583.png
sony-ps5-driving-force-hori-racing-wheel,Sony,PS5 Driving Force Hori Racing Wheel,console,no source image at all,pixel,1200,627,https://cdn.storech.com/uploads/store-media-files/000/000/000/000/002/503/1769619237-facebook-link-shablon52525252.png
sony-ps5-hd-camera,Sony,PS5 HD Camera,console,no source image at all,pixel,800,1067,https://cdn.storech.com/uploads/products/000/000/000/000/021/032/800_1732566540-753.png
sony-ps5-vr-2,Sony,PS5 VR 2,console,no source image at all,pixel,1200,627,https://cdn.storech.com/uploads/store-media-files/000/000/000/000/002/497/1769540681-3.png
apple-imac-24-inch-m3-8ram-2023,Apple,iMac 24-inch M3 8RAM /2023,desktop,no source image at all,istyle,970,970,https://istyle.am/storage/products/1-20260803041345-cn7coc.webp
lenovo-ideacentre-aio-23-8-24irh-9,Lenovo,IdeaCentre AIO 23. 8undefined 24IRH 9,desktop,no source image at all,eldorado,,,
lenovo-ideacentre-aio-27irh-9-27,Lenovo,IdeaCentre AIO 27IRH 9 27undefined,desktop,no source image at all,eldorado,,,
sony-ps5-pulse-explore-wireless,Sony,PS5 PULSE Explore Wireless,earbuds,no source image at all,pixel,800,1067,https://cdn.storech.com/uploads/products/000/000/000/000/021/061/800_1736679990-explore-2.png
sony-wf-1000xm5-bce,Sony,WF-1000XM5/BCE,earbuds,no source image at all,zigzag,,,
sony-wf-1000xm5-sce,Sony,WF-1000XM5/SCE,earbuds,no source image at all,zigzag,,,
sony-wf-c510-b,Sony,WF-C510/B,earbuds,no source image at all,zigzag,,,
sony-wf-c510-l,Sony,WF-C510/L,earbuds,no source image at all,zigzag,,,
sony-wf-c510-w,Sony,WF-C510/W,earbuds,no source image at all,zigzag,,,
sony-wf-c700n-gz-e,Sony,WF-C700N/GZ E,earbuds,no source image at all,zigzag,,,
sony-wf-c700n-wz-e,Sony,WF-C700N/WZ E,earbuds,no source image at all,zigzag,,,
beats-solo-true-wireless,Beats,Solo Buds True Wireless,headphones,no source image at all,eldorado,,,
bose-soundsport-free,Bose,SoundSport Free,headphones,source exists but under 600px,eldorado,,,
bose-soundsport-free-bright,Bose,SoundSport Free Bright,headphones,source exists but under 600px,eldorado,,,
dyson-zone-absoluteplus,Dyson,Zone Absolute+,headphones,source exists but under 600px,eldorado,,,
nothing-6974434224179,Nothing,6974434224179,headphones,no source image at all,zigzag,,,
sennheiser-accentum-wireless-acaebt,Sennheiser,Accentum Wireless ACAEBT,headphones,no source image at all,eldorado,,,
sennheiser-hd-450bt,Sennheiser,HD 450BT,headphones,source exists but under 600px,eldorado,,,
sennheiser-hd-599,Sennheiser,HD 599,headphones,source exists but under 600px,eldorado,,,
sony-wh-g900n-wz-e,Sony,WH-G900N/WZ E,headphones,no source image at all,zigzag,,,
acer-aspire-lite-all15-36p-c0m7-n150-nx-de1aa-001,Acer,Aspire Lite AL15-36P,laptop,no source image at all,eldorado,,,
asus-b3405cca-ly0189,ASUS,B3405CCA-LY0189,laptop,no source image at all,eldorado,,,
asus-b3405cca-ly0191,ASUS,B3405CCA-LY0191,laptop,no source image at all,eldorado,,,
asus-b3605cca-mb0080,ASUS,B3605CCA-MB0080,laptop,no source image at all,eldorado,,,
asus-expert-book-b5-b5405cva,ASUS,Expert Book B5 B5405CVA,laptop,no source image at all,eldorado,,,
asus-expertbook-b5-b5405cca,ASUS,ExpertBook B5 B5405CCA,laptop,no source image at all,eldorado,,,
asus-expertbook-p1-p1503cva-misty,ASUS,ExpertBook P1 P1503CVA Misty,laptop,no source image at all,eldorado,,,
asus-fa506n,ASUS,FA506N,laptop,no source image at all,eldorado,,,
asus-fa507,ASUS,FA507,laptop,no source image at all,eldorado,,,
asus-fa707,ASUS,FA707,laptop,no source image at all,eldorado,,,
asus-fx607v,ASUS,FX607V,laptop,no source image at all,eldorado,,,
asus-k3605v,ASUS,K3605V,laptop,no source image at all,eldorado,,,
asus-l410ma-tb02-n4020-90nb0q15-m32880-star,ASUS,"L410MA-TB02 N4020, 90NB0Q15-M32880 Star",laptop,no source image at all,eldorado,,,
asus-l510mads04,ASUS,L510MADS04,laptop,no source image at all,eldorado,,,
asus-tuf-gaming-a16-fa608p,ASUS,TUF Gaming A16 FA608P,laptop,no source image at all,eldorado,,,
asus-vivobook-15-core-3-100u-x1504vap-c38128-w11,ASUS,Vivobook 15 X1504VAP,laptop,no source image at all,eldorado,,,
asus-vivobook-15-m1502n,ASUS,Vivobook 15 M1502N,laptop,no source image at all,eldorado,,,
asus-vivobook-16-amd-ryzen-7-7730u-90nb10r1-m00ch0-w11,ASUS,Vivobook 16 (Ryzen 7),laptop,no source image at all,eldorado,,,
asus-vivobook-16-i7-1355u-f1605va-ws74-w11,ASUS,"Vivobook 16, i7-1355U, F1605VA-WS74, W11",laptop,no source image at all,eldorado,,,
asus-vivobook-17-x1704vap,ASUS,Vivobook 17 X1704VAP,laptop,no source image at all,eldorado,,,
asus-vivobook-e1404ga-nk053w,ASUS,VivoBook E1404GA-NK053W,laptop,no source image at all,ibolit,700,700,https://ibolit.mobi/wp-content/uploads/2025/03/red812_1.jpg
asus-vivobook-e410ma-bv2490w,ASUS,VivoBook E410MA-BV2490W,laptop,no source image at all,ibolit,700,700,https://ibolit.mobi/wp-content/uploads/2025/04/nibl_283.jpg
asus-vivobook-s-15-6-i9-13900h-16-1-camo-w11-k5504va-pb99-sl,ASUS,Vivobook S 15 (i9),laptop,no source image at all,zigzag,,,
asus-vivobook-s14-s3407v,ASUS,Vivobook S14 S3407V,laptop,no source image at all,eldorado,,,
asus-vivobook-s16-s3607v,ASUS,Vivobook S16 S3607V,laptop,no source image at all,eldorado,,,
asus-vivobook-x1404za-i38128,ASUS,VivoBook X1404ZA-I38128,laptop,no source image at all,ibolit,700,700,https://ibolit.mobi/wp-content/uploads/2025/03/red839_1.jpg
asus-vivobook-x1504va-nj451,ASUS,VivoBook X1504VA-NJ451,laptop,no source image at all,ibolit,700,700,https://ibolit.mobi/wp-content/uploads/2025/04/nibl_335.jpg
dell-15-ldc15250-7427blk-pus-touch-w11,Dell,"15, LDC15250-7427BLK-PUS, Touch, W11",laptop,no source image at all,eldorado,,,
dell-n2y94,Dell,N2Y94,laptop,no source image at all,eldorado,,,
honor-magicbook-pro-16-ultra-5-125h-24-1-w11h-5301ajjg,Honor,MagicBook Pro 16,laptop,no source image at all,zigzag,,,
honor-magicbook-x16-2025,Honor,MagicBook X16 2025,laptop,no source image at all,eldorado,,,
honor-magicbook-x16-2026-16-wuxga-ssd1tb,Honor,MagicBook X16 2026 16undefined WUXGA /SSD1TB,laptop,no source image at all,eldorado,,,
hp-envy-hayden-22c1,HP,ENVY Hayden 22C1,laptop,no source image at all,eldorado,,,
hp-g10-470g10,HP,G10 470G10,laptop,no source image at all,eldorado,,,
hp-omnibook-5-16-ultra-7-255u-16-1-bk9y8ea,HP,OmniBook 5 16 (Ultra 7),laptop,no source image at all,zigzag,,,
hp-victus-clamshell-roaree-24c1,HP,Victus Clamshell Roaree 24C1,laptop,no source image at all,eldorado,,,
lenovo-82vg00wxus,Lenovo,82VG00WXUS,laptop,no source image at all,eldorado,,,
lenovo-82xb00hvus,Lenovo,82XB00HVUS,laptop,no source image at all,eldorado,,,
lenovo-82yu016tpb,Lenovo,82YU016TPB,laptop,no source image at all,eldorado,,,
lenovo-83b40008us,Lenovo,83B40008US,laptop,no source image at all,eldorado,,,
lenovo-83f00005us,Lenovo,83F00005US,laptop,no source image at all,eldorado,,,
lenovo-83l7002nus,Lenovo,83L7002NUS,laptop,no source image at all,eldorado,,,
lenovo-83lk0001us,Lenovo,83LK0001US,laptop,no source image at all,eldorado,,,
lenovo-83lk00cvus,Lenovo,83LK00CVUS,laptop,no source image at all,eldorado,,,
lenovo-ideapad-5-2-in-1-touch-w11-83ds0056us,Lenovo,"IdeaPad 5 2-in 1, Touch, W11, 83DS0056US",laptop,no source image at all,eldorado,,,
lenovo-ideapad-pro-5-16irh8,Lenovo,IdeaPad Pro 5 16IRH8,laptop,no source image at all,eldorado,,,
lenovo-ideapad-slim-3-15-6-w11-abyss-bl-82xq012hus,Lenovo,IdeaPad Slim 3 15AMN8,laptop,no source image at all,eldorado,,,
lenovo-ideapad-slim-3-16irh10,Lenovo,IdeaPad Slim 3 16IRH10,laptop,no source image at all,eldorado,,,
lenovo-ideapad-slim-3-ryzen-7-8840hs-83ka000qus-touch-bklit-w11,Lenovo,IdeaPad Slim 3 (Ryzen 7),laptop,no source image at all,eldorado,,,
lenovo-ideapad-slim-5-14irh10,Lenovo,IdeaPad Slim 5 14IRH10,laptop,no source image at all,eldorado,,,
lenovo-ideapad-slim-5-14irh10r,Lenovo,IdeaPad Slim 5 14IRH10R,laptop,no source image at all,eldorado,,,
lenovo-ideapad-slim-5-16irh10-16-i5-13420h-tb,Lenovo,IdeaPad Slim 5 16IRH10 16undefined i5-13420H /TB,laptop,no source image at all,eldorado,,,
lenovo-ideapad-slim-516irh10,Lenovo,IdeaPad Slim 516IRH10,laptop,no source image at all,eldorado,,,
lenovo-ideapad-slim-5i-core-7-240h-83j1002sus,Lenovo,"IdeaPad Slim 5i, Core 7 240H, 83J1002SUS",laptop,no source image at all,eldorado,,,
lenovo-loq-15iax9,Lenovo,LOQ 15IAX9,laptop,no source image at all,eldorado,,,
lenovo-think-book-14-g8-irl,Lenovo,Think Book 14 G8 IRL,laptop,no source image at all,eldorado,,,
lenovo-thinkpad-t16-g4-16-ultra-7-255u-21qe0066fw,Lenovo,ThinkPad T16 G4,laptop,no source image at all,zigzag,,,
lenovo-yoga-9-13imu9,Lenovo,Yoga 9 13IMU9,laptop,no source image at all,redstore,1200,1200,https://admin.redstore.am/storage/products/53916/image/photoroom-20260131-121408.webp
lenovo-yoga-9-14ill10,Lenovo,Yoga 9 14ILL10,laptop,no source image at all,redstore,1800,1800,https://admin.redstore.am/storage/products/59090/image/img-3041.webp
microsoft-surface-4,Microsoft,Surface 4,laptop,no source image at all,eldorado,,,
microsoft-surface-go-2,Microsoft,Surface Go 2,laptop,no source image at all,eldorado,,,
aoc-49-lcd-ag493ucx,AOC,49undefined LCD AG493UCX,monitor,no source image at all,eldorado,,,
apple-studio-display-xdr-2026-tilt-height-adjustable-mfel4,Apple,Studio Display XDR,monitor,no source image at all,zigzag,,,
philips-24-usb-c-24e1n3300a-00,Philips,24undefined USB-C 24E1N3300A/00,monitor,no source image at all,eldorado,,,
google-pixel-10-pro-fold-gu0np,Google,Pixel 10 Pro Fold /GU0NP,phone,no source image at all,zigzag,,,
google-pixel-9,Google,Pixel 9,phone,no source image at all,pixel,1200,627,https://cdn.storech.com/uploads/store-media-files/000/000/000/000/002/134/1732133829-3.png
google-pixel-9-pro,Google,Pixel 9 Pro,phone,no source image at all,pixel,1200,627,https://cdn.storech.com/uploads/store-media-files/000/000/000/000/002/137/1732133876-7894.png
google-pixel-9-pro-xl,Google,Pixel 9 Pro XL,phone,no source image at all,pixel,1200,627,https://cdn.storech.com/uploads/store-media-files/000/000/000/000/002/136/1732133858-456.png
apple-homepod-mini-mj2e3ll-a,Apple,HomePod Mini /MJ2E3LL/A*,speaker,no source image at all,zigzag,,,
marshall-acton-3,Marshall,Acton 3,speaker,no source image at all,istyle,700,700,https://istyle.am/storage/products/img-5074-20260726011401-rtsbme.webp
marshall-woburn-3,Marshall,Woburn 3,speaker,no source image at all,istyle,1000,488,https://istyle.am/storage/products/61tajircszl-ac-uf1000-1000-ql80-1jpg-20260727105647-kxr2z9.webp
apple-ipad-10-a16-wi-fi-2025,Apple,iPad 10 A16 Wi-Fi /2025,tablet,no source image at all,istyle,762,825,https://istyle.am/storage/products/250423160041192789-20260803032746-isq2bw-v1-20260803040152-fkejm0.webp
apple-ipad-air-5-wi-fi-plus-cellular-2022,Apple,iPad Air 5 Wi-Fi + Cellular 2022,tablet,no source image at all,ibolit,700,700,https://ibolit.mobi/wp-content/uploads/2025/03/red1107_1.jpg
apple-ipad-mini-7-wifi,Apple,iPad Mini 7 WiFi,tablet,no source image at all,istyle,700,700,https://istyle.am/storage/products/71ey-9d8ydl-ac-uf1000-1000-ql80-jpg-20260803031946-bgevrk.webp
apple-ipad-pro-12-9-m2-cell-spacegray-mp5x3,Apple,iPad Pro 12.9 M2 Cell SpaceGray/MP5X3*,tablet,no source image at all,zigzag,,,
apple-ipad-pro-12-9-m2-wifi-s-grey-mnxp3rk-a,Apple,iPad Pro 12.9 M2 WiFi S.Grey/MNXP3RK/A,tablet,no source image at all,zigzag,,,
apple-ipad-pro-12-9-m2-wifi-silver-mnxq3rk-a,Apple,iPad Pro 12.9 M2 WiFi Silver/MNXQ3RK/A,tablet,no source image at all,zigzag,,,
apple-ipad-pro-13-m4-wi-fi-plus-cellular-2024,Apple,iPad Pro 13 M4 Wi-Fi + Cellular 2024,tablet,no source image at all,ibolit,700,700,https://ibolit.mobi/wp-content/uploads/2025/03/ispace_185.jpg
apple-ipad-pro-13-wi-fi-plus-cellular-2024,Apple,iPad Pro 13 Wi-Fi + Cellular 2024,tablet,no source image at all,ibolit,700,700,https://ibolit.mobi/wp-content/uploads/2025/03/red1088_1.jpg
honor-pad-x7-jms-w09,Honor,Pad X7 JMS-W09,tablet,no source image at all,eldorado,,,
honor-pad-x7-lte-jms-l09,Honor,Pad X7 LTE JMS-L09,tablet,no source image at all,eldorado,,,
honor-pad-x8b-ndl2-l09,Honor,Pad X8b NDL2-L09,tablet,no source image at all,eldorado,,,
honor-pad-x8b-ndl2-w09,Honor,Pad X8b NDL2-W09,tablet,no source image at all,eldorado,,,
hisense-32a4n,Hisense,32A4N,tv,no source image at all,vlv,,,
hisense-40a4n,Hisense,40A4N,tv,no source image at all,vlv,,,
hisense-43a7kq,Hisense,43A7KQ,tv,no source image at all,vlv,,,
hisense-50a7nq,Hisense,50A7NQ,tv,no source image at all,vlv,,,
hisense-55a6n,Hisense,55A6N,tv,no source image at all,vlv,,,
hisense-65a7nq,Hisense,65A7NQ,tv,no source image at all,vlv,,,
hisense-65a85k,Hisense,65A85K,tv,no source image at all,vlv,,,
hisense-65u7hq,Hisense,65U7HQ,tv,no source image at all,vlv,,,
hisense-65uxkq,Hisense,65UXKQ,tv,no source image at all,vlv,,,
hisense-75e8s,Hisense,75E8S,tv,no source image at all,vlv,1200,630,https://vlv.am/public/logos/vlv_open_graph.png
hisense-85a6bg,Hisense,85A6BG,tv,no source image at all,vlv,,,
hisense-85e8s,Hisense,85E8S,tv,no source image at all,vlv,1253,844,https://vlv.am/public/uploads/images/29-07-2026/6a6a04041a07c.webp
hisense-85u7s-pro,Hisense,85U7S PRO,tv,no source image at all,vlv,1253,844,https://vlv.am/public/uploads/images/29-07-2026/6a6a049aaaa88.webp
lg-43nano766qa,LG,43NANO766QA,tv,no source image at all,vlv,,,
lg-43uq81006lb,LG,43UQ81006LB,tv,no source image at all,vlv,,,
lg-55nano766qa,LG,55NANO766QA,tv,no source image at all,vlv,,,
lg-55nano816na,LG,55NANO816NA,tv,no source image at all,vlv,,,
lg-55qned816ra,LG,55QNED816RA,tv,no source image at all,vlv,,,
lg-55ur81006lj,LG,55UR81006LJ,tv,no source image at all,vlv,,,
lg-65nano766qa,LG,65NANO766QA,tv,no source image at all,vlv,,,
lg-65qned80a6a,LG,65QNED80A6A,tv,no source image at all,eldorado,,,
lg-oled65b5rla,LG,OLED65B5RLA,tv,no source image at all,eldorado,,,
samsung-qe55ls03bauxce,Samsung,QE55LS03BAUXCE,tv,no source image at all,vlv,,,
samsung-qe55q60abuxru,Samsung,QE55Q60ABUXRU,tv,source exists but under 600px,eldorado,,,
samsung-qe55q7fam,Samsung,QE55Q7FAM,tv,no source image at all,eldorado,,,
samsung-qe65s90dauxru,Samsung,QE65S90DAUXRU,tv,no source image at all,eldorado,,,
samsung-qe65s95hauxpy,Samsung,QE65S95HAUXPY,tv,no source image at all,vlv,800,800,https://vlv.am/public/uploads/images/30-07-2026/6a6b3285074fa.webp
samsung-qe83s90daexru,Samsung,QE83S90DAEXRU,tv,no source image at all,vlv,,,
samsung-qe85qn800auxru,Samsung,QE85QN800AUXRU,tv,no source image at all,vlv,,,
samsung-qe85qn90bauxce,Samsung,QE85QN90BAUXCE,tv,no source image at all,vlv,,,
samsung-qe85qn90cauxru,Samsung,QE85QN90CAUXRU,tv,no source image at all,vlv,,,
samsung-ue98du9000uxru,Samsung,UE98DU9000UXRU,tv,no source image at all,vlv,,,
sony-kd-50x75wl,Sony,KD-50X75WL,tv,no source image at all,vlv,,,
sony-kd-55x85l,Sony,KD-55X85L,tv,no source image at all,vlv,,,
sony-kd-65x75wl,Sony,KD-65X75WL,tv,no source image at all,vlv,,,
sony-kd-65x85l,Sony,KD-65X85L,tv,no source image at all,vlv,,,
toshiba-32v35me,Toshiba,32V35ME,tv,no source image at all,vlv,,,
toshiba-43c350ke,Toshiba,43C350KE,tv,no source image at all,vlv,,,
toshiba-43c350le,Toshiba,43C350LE,tv,no source image at all,vlv,,,
toshiba-43c450ke,Toshiba,43C450KE,tv,no source image at all,vlv,,,
toshiba-43c450me,Toshiba,43C450ME,tv,no source image at all,vlv,,,
toshiba-50m550le,Toshiba,50M550LE,tv,no source image at all,vlv,,,
toshiba-55c450me,Toshiba,55C450ME,tv,no source image at all,vlv,,,
toshiba-55z670me,Toshiba,55Z670ME,tv,no source image at all,vlv,,,
toshiba-65c450me,Toshiba,65C450ME,tv,no source image at all,vlv,,,
toshiba-85m550le,Toshiba,85M550LE,tv,no source image at all,vlv,,,
toshiba-85z670me,Toshiba,85Z670ME,tv,no source image at all,vlv,,,
xiaomi-a-43-2026,Xiaomi,A 43 2026,tv,no source image at all,eldorado,,,
xiaomi-a-50-2026,Xiaomi,A 50 2026,tv,no source image at all,eldorado,,,
xiaomi-a-65-2025,Xiaomi,A 65 2025,tv,no source image at all,eldorado,,,
xiaomi-a-65-2026,Xiaomi,A 65 2026,tv,no source image at all,eldorado,,,
xiaomi-a-pro-43-2026,Xiaomi,A Pro 43 2026,tv,no source image at all,eldorado,,,
garmin-cirqa-smart-band-french-l-xl,Garmin,CIRQA Smart Band French L/XL,watch,no source image at all,eldorado,,,
garmin-cirqa-smart-band-mauve-l-xl,Garmin,CIRQA Smart Band Mauve L-XL,watch,no source image at all,eldorado,,,
garmin-cirqa-smart-band-mauve-s-m,Garmin,CIRQA Smart Band,watch,no source image at all,zigzag,,,
garmin-cirqa-smart-band-s-m,Garmin,"CIRQA Smart Band, Black, S-M",watch,no source image at all,zigzag,,,
garmin-epix-pro-sapphire-edition-51-mm,Garmin,epix Pro – Sapphire Edition,watch,no source image at all,eldorado,,,
garmin-epix-pro-standard-edition-47mm,Garmin,epix Pro – Standard Edition,watch,no source image at all,eldorado,,,
garmin-fenix-7-pro-sapphire-solar,Garmin,Fenix 7 Pro Sapphire Solar,watch,no source image at all,zigzag,,,
garmin-fenix-7x-pro-sapphire-solar-edition,Garmin,Fenix 7X Pro – Sapphire Solar Edition,watch,no source image at all,zigzag,,,
garmin-fenix-8-47-mm-amoled,Garmin,"Fenix 8, AMOLED",watch,no source image at all,zigzag,,,
garmin-fenix-8-47-mm-amoled-sapphire-carbon,Garmin,"Fenix 8, AMOLED Sapphire Carbon",watch,no source image at all,zigzag,,,
garmin-fenix-8-47-mm-amoled-sapphire-spark,Garmin,"Fenix 8, AMOLED Sapphire Spark",watch,no source image at all,zigzag,,,
garmin-fenix-8-pro-47-mm-amoled,Garmin,"Fenix 8 Pro, AMOLED",watch,no source image at all,zigzag,,,
garmin-fenix-9-51mm-carbon-dlc-band,Garmin,"Fenix 9, Carbon DLC, Band",watch,no source image at all,zigzag,,,
garmin-fenix-9-pro-47mm-amoled-carbon-dlc,Garmin,"Fenix 9 Pro, AMOLED, Carbon DLC",watch,no source image at all,zigzag,,,
garmin-forerunner-170,Garmin,Forerunner 170,watch,no source image at all,zigzag,,,
garmin-forerunner-170-music,Garmin,Forerunner 170 Music,watch,no source image at all,zigzag,,,
garmin-forerunner-170-music-whitestone,Garmin,Forerunner 170 Music Whitestone,watch,no source image at all,zigzag,,,
garmin-forerunner-170-whitestone,Garmin,Forerunner 170 Whitestone,watch,no source image at all,zigzag,,,
garmin-forerunner-570,Garmin,Forerunner 570,watch,no source image at all,zigzag,,,
garmin-forerunner-70,Garmin,Forerunner 70,watch,no source image at all,zigzag,,,
garmin-forerunner-70-citron,Garmin,Forerunner 70 Citron,watch,no source image at all,zigzag,,,
garmin-forerunner-70-whitestone,Garmin,Forerunner 70 Whitestone,watch,no source image at all,zigzag,,,
garmin-forerunner-965-black-powder,Garmin,Forerunner 965 Black/Powder Grey,watch,no source image at all,zigzag,,,
garmin-forerunner-970,Garmin,Forerunner 970 Black,watch,no source image at all,zigzag,,,
garmin-forerunner-970-010-02969-10,Garmin,Forerunner 970 010-02969-10,watch,no source image at all,eldorado,,,
garmin-instinct-2x-solar,Garmin,Instinct 2X Solar,watch,no source image at all,zigzag,,,
garmin-instinct-2x-solar-moss,Garmin,Instinct 2X Solar Moss,watch,no source image at all,zigzag,,,
garmin-instinct-2x-solar-tactical-edition,Garmin,Instinct 2X Solar – Tactical Edition,watch,no source image at all,zigzag,,,
garmin-instinct-3-50mm-solar,Garmin,"Instinct 3, Solar",watch,no source image at all,zigzag,,,
garmin-venu-3-leather,Garmin,Venu 3 leather,watch,no source image at all,zigzag,,,
garmin-venu-3-with-leather,Garmin,Venu 3 with Leather,watch,no source image at all,eldorado,,,
garmin-venu-3s-french,Garmin,Venu 3s French,watch,no source image at all,zigzag,,,
garmin-venu-x1-gps,Garmin,"Venu X1, GPS",watch,no source image at all,zigzag,,,
garmin-venu-x1-gps-moss,Garmin,"Venu X1, GPS, Moss",watch,no source image at all,zigzag,,,
garmin-venu-x1-moss,Garmin,Venu X1 Moss,watch,no source image at all,eldorado,,,
garmin-vivoactive-5,Garmin,Vivoactive 5,watch,no source image at all,zigzag,,,
garmin-vivoactive-5-metallic-orchid,Garmin,vivoactive 5 Metallic orchid,watch,no source image at all,eldorado,,,
garmin-vivoactive-6,Garmin,vivoactive 6 Lunar Gold,watch,no source image at all,zigzag,,,
honor-5-stl-b19-5502abgj,Honor,Watch 5,watch,no source image at all,zigzag,,,
nothing-cmf-3-pro-6974434225312,Nothing,CMF Watch 3 Pro,watch,no source image at all,zigzag,,,
nothing-cmf-pro-2,Nothing,CMF Watch Pro 2,watch,no source image at all,eldorado,,,
samsung-galaxy-6-classic-43mm-r950,Samsung,Galaxy Watch 6 Classic,watch,no source image at all,eldorado,,,
samsung-galaxy-7-ultra-47mm-sm-l705f,Samsung,Galaxy Watch 7 Ultra,watch,no source image at all,zigzag,,,
samsung-galaxy-fe,Samsung,Galaxy Watch FE,watch,no source image at all,pixel,1200,627,https://cdn.storech.com/uploads/store-media-files/000/000/000/000/002/255/1744485927-facebook-link-shablon-fe.png
samsung-galaxy-ultra-47mm-2024,Samsung,Galaxy Watch Ultra 2024,watch,no source image at all,pixel,1200,627,https://cdn.storech.com/uploads/store-media-files/000/000/000/000/002/258/1744489942-facebook-link-shablon1.png
samsung-galaxy-ultra-47mm-2025,Samsung,Galaxy Watch Ultra 2025,watch,no source image at all,pixel,1200,627,https://cdn.storech.com/uploads/store-media-files/000/000/000/000/002/396/1757876349-facebook-link-shablongrey.png
samsung-galaxy-watch4-40-mm,Samsung,Galaxy Watch4,watch,no source image at all,eldorado,,,
xiaomi-smart-band-8-champagne-bhr7166gl,Xiaomi,Smart Band 8 Champagne BHR7166GL,watch,no source image at all,eldorado,,,
xiaomi-watch-s1-active,Xiaomi,Watch S1 Active,watch,source exists but under 600px,ucom,700,700,https://shop.ucom.am/media/catalog/product/cache/207e23213cf636ccdef205098cf3c8a3/1/x/1xiaomi_watch_s1_active_space_black_front.png
