shop,price,title,capacity,color,listings_line,why
"istyle","579000","MacBook Air M5 13/16GB RAM","16","","978","no confident match in their sitemap - needs an eye"
"istyle","649000","MacBook Air M5 15/16GB RAM","16","","979","no confident match in their sitemap - needs an eye"
"istyle","859000","MacBook Air M5 15/24GB RAM","24","","980","no confident match in their sitemap - needs an eye"
"istyle","779000","MacBook Air M5 13.6/24 RAM","","","981","no confident match in their sitemap - needs an eye"
"istyle","879000","iMac 24-inch M3 8RAM /2023/","","","982","no confident match in their sitemap - needs an eye"
"istyle","289000","Mac mini M2 8/256 GB","256","","984","no confident match in their sitemap - needs an eye"
"istyle","223000","iPad Mini 7 WiFi","","","985","no confident match in their sitemap - needs an eye"
"istyle","215000","iPad 10 A16 Wi-Fi /2025/","","","986","no confident match in their sitemap - needs an eye"
"istyle","184000","JBL PartyBox Club 120","","","987","no confident match in their sitemap - needs an eye"
"istyle","175000","Dyson AirStarit (HT01) Amber Silk","","","991","no confident match in their sitemap - needs an eye"
"istyle","157000","Dyson AirStarit (HT01) Prussian Blue","","","992","no confident match in their sitemap - needs an eye"
"istyle","162000","Dyson AirStarit (HT01) Kanzan Pink","","","993","no confident match in their sitemap - needs an eye"
"istyle","229000","Dyson Supersonic r™ DH17","","","994","no confident match in their sitemap - needs an eye"
"istyle","175000","Dyson AirStarit (HT01) Orange 2026","","","997","no confident match in their sitemap - needs an eye"
"ibolit","111000","Harman Kardon Onyx Studio 8","","","999","their site is down (database error) - retry later"
"ibolit","98900","Harman Kardon Onyx Studio 8 Blue","","","1000","their site is down (database error) - retry later"
"ibolit","98900","Harman Kardon Onyx Studio 8 Black","","","1001","their site is down (database error) - retry later"
"pixel","159000","Harman Kardon Onyx Studio 9 (Մոխրագույն)","","","1003","crawlable - queued"
"pixel","159000","Harman Kardon Onyx Studio 9 (Սև)","","","1004","crawlable - queued"
"ibolit","117000","Marshall Uxbridge","","","1010","their site is down (database error) - retry later"
"ibolit","54000","Marshall Willen Cream","","","1012","their site is down (database error) - retry later"
"ibolit","54000","Marshall Willen Black","","","1013","their site is down (database error) - retry later"
"pixel","79000","Xiaomi Redmi 17","","","1014","crawlable - queued"
"pixel","119000","Xiaomi Redmi Note 17 5G","","","1018","crawlable - queued"
"zigzag","97900","Xiaomi Redmi Note 17 5G 6GB/128GB Black","6","","1020","WAF blocks crawlers - needs a browser harvest"
"pixel","189000","Whoop Life (MG)","","","1021","crawlable - queued"
"pixel","95000","Honor X7E","","","1022","crawlable - queued"
"zigzag","89900","Honor X7e 6GB/256GB Light Blue","6","","1026","WAF blocks crawlers - needs a browser harvest"
"zigzag","89900","Honor X7e 6GB/256GB Midnight Black","6","","1027","WAF blocks crawlers - needs a browser harvest"
"zigzag","89900","Honor X7e 6GB/256GB Sunrise Orange","6","","1028","WAF blocks crawlers - needs a browser harvest"
"pixel","58000","Redmi 15 4G","","","1029","crawlable - queued"
"pixel","209000","Poco X8 Pro Max 5G","","","1030","crawlable - queued"
"pixel","169000","Poco X8 Pro 5G","","","1031","crawlable - queued"
"pixel","109000","Poco M8 5G","","","1032","crawlable - queued"
"pixel","53000","Poco C81 Pro","","","1033","crawlable - queued"
"pixel","173000","Redmi Note 15 Pro Plus 5G","","","1034","crawlable - queued"
"pixel","145000","Redmi Note 14 Pro Plus 5G","","","1035","crawlable - queued"
"pixel","285000","Google Pixel 9","","","1036","crawlable - queued"
"pixel","375000","Google Pixel 9 Pro","","","1037","crawlable - queued"
"pixel","389000","Google Pixel 9 Pro XL","","","1038","crawlable - queued"
"pixel","462900","Samsung Galaxy Tab S9 Ultra","","","1039","crawlable - queued"
"pixel","69900","Xiaomi Redmi Pad SE 8.7 4G","","","1040","crawlable - queued"
"pixel","79900","Samsung Galaxy Tab A9+ X216","","","1041","crawlable - queued"
"ibolit","109000","Samsung Galaxy Tab A9 128GB X216 Silver","128","","1042","their site is down (database error) - retry later"
"ibolit","94000","Samsung Galaxy Tab A9 64GB X216 Silver","64","","1043","their site is down (database error) - retry later"
"ibolit","94000","Samsung Galaxy Tab A9 64GB X216 Graphite","64","","1044","their site is down (database error) - retry later"
"pixel","66900","Samsung Galaxy Tab A9+ X210","","","1045","crawlable - queued"
"ibolit","76000","Samsung Galaxy Tab A9+ 64GB X210 Navy Blue","64","","1046","their site is down (database error) - retry later"
"ibolit","75000","Samsung Galaxy Tab A9 64GB X210 Silver","64","","1047","their site is down (database error) - retry later"
"ibolit","75000","Samsung Galaxy Tab A9 64GB X210 Graphite","64","","1048","their site is down (database error) - retry later"
"pixel","55900","Samsung Galaxy Tab A9 X115","","","1049","crawlable - queued"
"ibolit","94000","Samsung Galaxy Tab A9 128GB X115 Navy Blue","128","","1050","their site is down (database error) - retry later"
"ibolit","94000","Samsung Galaxy Tab A9 128GB X115 Graphite","128","","1051","their site is down (database error) - retry later"
"ibolit","74000","Samsung Galaxy Tab A9 128GB X115 Silver","128","","1052","their site is down (database error) - retry later"
"ibolit","65000","Samsung Galaxy Tab A9 64GB X115 Navy Blue","64","","1053","their site is down (database error) - retry later"
"ibolit","65000","Samsung Galaxy Tab A9 64GB X115 Graphite","64","","1054","their site is down (database error) - retry later"
"ibolit","63000","Samsung Galaxy Tab A9 64GB X115 Silver","64","","1055","their site is down (database error) - retry later"
"pixel","43900","Samsung Galaxy Tab A9 X110","","","1056","crawlable - queued"
"ibolit","56000","Samsung Galaxy Tab A9 64GB X110 Graphite","64","","1057","their site is down (database error) - retry later"
"ibolit","55000","Samsung Galaxy Tab A9 64GB X110 Silver","64","","1058","their site is down (database error) - retry later"
"ibolit","55000","Samsung Galaxy Tab A9 64GB X110 Navy Blue","64","","1059","their site is down (database error) - retry later"
"pixel","189000","iPad 11","","","1060","crawlable - queued"
"pixel","335000","iPad Air 13 M3","","","1061","crawlable - queued"
"pixel","64900","Poco M7","","","1062","crawlable - queued"
"pixel","62000","Samsung Galaxy Watch FE","","","1065","crawlable - queued"
"pixel","59000","Galaxy Watch Active 2","","","1066","crawlable - queued"
"pixel","459000","iPad Pro 13 M4","","","1067","crawlable - queued"
"pixel","139000","iPad 9","","","1068","crawlable - queued"
"pixel","224000","iPad Mini 7","","","1069","crawlable - queued"
"pixel","209000","iPad Mini 6","","","1070","crawlable - queued"
"pixel","1499000","Macbook PRO 16 M4 Max","","","1071","crawlable - queued"
"pixel","1229000","Macbook PRO 16 M4 Pro","","","1072","crawlable - queued"
"pixel","1299000","Macbook PRO 14 M4 Max","","","1073","crawlable - queued"
"pixel","669000","Macbook PRO 14 M4","","","1074","crawlable - queued"
"pixel","42000","Galaxy Buds 2","","","1075","crawlable - queued"
"ibolit","44200","Samsung Galaxy Buds 2","","","1076","their site is down (database error) - retry later"
"ibolit","42900","Samsung Galaxy Buds 2 White","","","1077","their site is down (database error) - retry later"
"ibolit","42900","Samsung Galaxy Buds 2 Black","","","1078","their site is down (database error) - retry later"
"pixel","48000","Galaxy Buds 2 Pro","","","1079","crawlable - queued"
"ibolit","54000","Samsung Galaxy Buds 2 Pro","","","1080","their site is down (database error) - retry later"
"pixel","36000","Samsung Galaxy Buds 3 FE","","","1081","crawlable - queued"
"pixel","44000","Samsung Galaxy Buds 3","","","1082","crawlable - queued"
"ibolit","62000","Samsung Galaxy Buds 3 Silver","","","1083","their site is down (database error) - retry later"
"pixel","78000","Sony PS5 Driving Force Hori Racing Wheel","","","1084","crawlable - queued"
"pixel","29000","Sony PS5 Vertical Stand","","","1085","crawlable - queued"
"pixel","55000","Sony PS5 BackBone","","","1086","crawlable - queued"
"pixel","229000","Sony PS5 VR 2","","","1087","crawlable - queued"
"pixel","159000","Samsung Galaxy Watch Ultra 47mm 2025 (Մոխրագույն Տիտան)","","","1088","crawlable - queued"
"pixel","159000","Samsung Galaxy Watch Ultra 47mm 2025 (Սև Տիտան)","","","1089","crawlable - queued"
"pixel","159000","Samsung Galaxy Watch Ultra 47mm 2025 (Կապույտ Տիտան)","","","1090","crawlable - queued"
"pixel","159000","Samsung Galaxy Watch Ultra 47mm 2025 (Սպիտակ Տիտան)","","","1091","crawlable - queued"
"pixel","311000","Dyson HS08 Airwrap™ Multi-styler and dryer Straight+Wavy Strawberry Bronze/Blush Pink","","","1092","crawlable - queued"
"pixel","289000","Dyson HS08 Airwrap™ Multi-styler and dryer Straight+Wavy Red Velvet/Gold","","","1093","crawlable - queued"
"pixel","294000","Dyson HS08 Airwrap™ Multi-styler and dryer Curly+Coily Vinca Blue/Topaz","","","1094","crawlable - queued"
"pixel","233000","Dyson HD18 Supersonic™ Vinca Blue/Topaz","","","1095","crawlable - queued"
"pixel","209000","Dyson HS05 Airwrap™ multi-styler Short and Coarse Prussian Blue/Rich Copper","","","1096","crawlable - queued"
"pixel","249000","Dyson HS05 Airwrap™ Multi-styler Complete Long Prussian Blue/Topaz","","","1097","crawlable - queued"
"pixel","245000","Dyson HS05 Airwrap™ multi-styler Complete Long Fuchisa/Nickel","","","1098","crawlable - queued"
"pixel","265000","Dyson HS08 Airwrap™ ID Multi-Styler Ceramic Patina/Topaz","","","1099","crawlable - queued"
"pixel","229000","Dyson HD16 Supersonic™ Nural Strawberry Bronze/Blush Pink","","","1100","crawlable - queued"
"pixel","269000","Dyson HS08 Airwrap™ ID Multi-Styler Jasper Plum","","","1101","crawlable - queued"
"pixel","189000","Dyson HT01 Airstrait™ Straightener Jasper Plum","","","1102","crawlable - queued"
"pixel","249000","Dyson HD16 Supersonic™ Nural Jasper Plum","","","1103","crawlable - queued"
"pixel","279000","Dyson HD16 Supersonic™ Nural Red Velvet","","","1104","crawlable - queued"
"pixel","159000","JBL Partybox 120 (Սև)","","","1105","crawlable - queued"
"ibolit","203000","JBL PartyBox 120","","","1106","their site is down (database error) - retry later"
"pixel","205000","JBL Partybox 320 (Սև)","","","1107","crawlable - queued"
"ibolit","255900","JBL PartyBox 320","","","1108","their site is down (database error) - retry later"
"pixel","189000","Dyson HT01 Airstrait™ Straightener Ceramic Pink","","","1109","crawlable - queued"
"pixel","79000","Marshall Emberton 3 (Կաթնագույն)","","","1110","crawlable - queued"
"pixel","79000","Marshall Emberton 3 (Սև)","","","1111","crawlable - queued"
"pixel","59000","Marshall Willen II (Կաթնագույն)","","","1112","crawlable - queued"
"pixel","59000","Marshall Willen II (Սև)","","","1113","crawlable - queued"
"pixel","159000","Samsung Galaxy Watch Ultra 47mm 2024 (Սպիտակ Տիտան)","","","1114","crawlable - queued"
"pixel","159000","Samsung Galaxy Watch Ultra 47mm 2024 (Արծաթագույն Տիտան)","","","1115","crawlable - queued"
"pixel","159000","Samsung Galaxy Watch Ultra 47mm 2024 (Մոխրագույն Տիտան)","","","1116","crawlable - queued"
"pixel","189000","Dyson HT01 Airstrait™ Straightener Red Velvet/Gold","","","1117","crawlable - queued"
"pixel","189000","Dyson HT01 Airstrait™ Straightener Strawberry Bronze/Blush Pink","","","1118","crawlable - queued"
"pixel","259000","Dyson HS05 Airwrap™ Multi-styler Complete Long Prussian Blue/Copper","","","1119","crawlable - queued"
"pixel","273000","Dyson HS05 Airwrap™ Multi-styler Complete Long Strawberry Bronze/Pink","","","1120","crawlable - queued"
"pixel","248000","Dyson HS05 Airwrap™ Multi-styler Complete Long Gold/Onyx Black","","","1121","crawlable - queued"
"pixel","299000","Dyson HS08 Airwrap™ ID Multi-Styler Red Velvet/Gold","","","1122","crawlable - queued"
"pixel","192000","Dyson Supersonic Hair Dryer HD07 (Iron Fuchsia)","","","1123","crawlable - queued"
"pixel","137000","JBL Xtreme 4 (Սև)","","","1124","crawlable - queued"
"pixel","137000","JBL Xtreme 4 (Կապույտ)","","","1125","crawlable - queued"
"ibolit","142000","JBL Xtreme 4 Blue","","","1126","their site is down (database error) - retry later"
"ibolit","142000","JBL Xtreme 4 Black","","","1127","their site is down (database error) - retry later"
"pixel","99000","Sony PS5 PULSE Explore Wireless Earbuds (Սպիտակ)","","","1128","crawlable - queued"
"pixel","69000","Sony PS5 PULSE Elite Wireless Headset (Սպիտակ)","","","1129","crawlable - queued"
"pixel","28000","Sony PS5 HD Camera (Սպիտակ)","","","1130","crawlable - queued"
"pixel","189000","Dyson HT01 Airstrait™ Straightener Prussian Blue/Rich Copper","","","1131","crawlable - queued"
"pixel","189000","Dyson HT01 Airstrait™ Straightener Nickel/Copper","","","1132","crawlable - queued"
"pixel","219000","Dyson HD16 Supersonic™ Nural Ceramic Patina/Topaz","","","1133","crawlable - queued"
"pixel","215000","Dyson HD16 Supersonic™ Vinca Blue/Topaz","","","1134","crawlable - queued"
"pixel","185000","Dyson HD15 Supersonic™ Hair Dryer Black/Onyx Gold","","","1135","crawlable - queued"
"pixel","205000","Dyson HD15 Supersonic™ Hair Dryer Nickel/Copper","","","1136","crawlable - queued"
"eldorado","309900","Համակարգիչ բոլորը մեկում HP All-in-One Desktop PC Maokong24I1C23","","","1146","aisle not crawled yet (monitors / all-in-one added, pending re-fetch)"
"eldorado","329900","Համակարգիչ բոլորը մեկում ASUS Expert Center P400 AiO P4 40VA (P440VAK-BPC 6670)","","","1151","aisle not crawled yet (monitors / all-in-one added, pending re-fetch)"
"eldorado","389900","Համակարգիչ Lenovo IdeaCentre AIO 24IRH9 (F0HN00KRRU)","","","1157","aisle not crawled yet (monitors / all-in-one added, pending re-fetch)"
"eldorado","449900","Համակարգիչ Lenovo IdeaCentre AIO 24IRH9 (F0HN00KSRU)","","","1158","aisle not crawled yet (monitors / all-in-one added, pending re-fetch)"
"eldorado","499900","Համակարգիչ Lenovo IdeaCentre AIO 24IRH9 (F0HN00UQRU)","","","1159","aisle not crawled yet (monitors / all-in-one added, pending re-fetch)"
"eldorado","429900","Նոթբուք Microsoft Surface Go 2 8ԳԲ/256ԳԲ","8","","1172","aisle not crawled yet (monitors / all-in-one added, pending re-fetch)"
"eldorado","429900","Համակարգիչ բոլորը մեկում Lenovo IdeaCentre AIO 23. 8"" 24IRH 9 (F0HN00SSRU)","","","1176","aisle not crawled yet (monitors / all-in-one added, pending re-fetch)"
"eldorado","475900","Համակարգիչ բոլորը մեկում Lenovo IdeaCentre AIO 23.8"" 24IRH 9 (F0HN00RWRU)","","","1177","aisle not crawled yet (monitors / all-in-one added, pending re-fetch)"
"eldorado","455900","Համակարգիչ բոլորը մեկում ASUS Expert Center P400 AiO P4 70VA (P470VAK-BPE2 820)","","","1180","aisle not crawled yet (monitors / all-in-one added, pending re-fetch)"
"eldorado","459900","Համակարգիչ բոլորը մեկում ASUS Expert Center P400 AiO P4 70VA (P470VAK-WPE 1580)","","","1181","aisle not crawled yet (monitors / all-in-one added, pending re-fetch)"
"eldorado","459900","Համակարգիչ բոլորը մեկում Lenovo IdeaCentre AIO 27IRH 9 (F0HM00VKRU) 27""","","","1185","aisle not crawled yet (monitors / all-in-one added, pending re-fetch)"
"eldorado","519900","Նոթբուք Microsoft Surface 4 16ԳԲ/1ՏԲ","16","","1199","aisle not crawled yet (monitors / all-in-one added, pending re-fetch)"
"eldorado","46900","Մոնիտոր Samsung LS24D304GAU","","","1210","aisle not crawled yet (monitors / all-in-one added, pending re-fetch)"
"eldorado","55900","Մոնիտոր ASUS VA249HG (90LM02W0-B01171)","","","1211","aisle not crawled yet (monitors / all-in-one added, pending re-fetch)"
"eldorado","57900","Մոնիտոր LG 24U411A-B","","","1212","aisle not crawled yet (monitors / all-in-one added, pending re-fetch)"
"eldorado","59900","Մոնիտոր ASUS VZ24EHF-W (90LM07C2-B01470)","","","1213","aisle not crawled yet (monitors / all-in-one added, pending re-fetch)"
"eldorado","59900","Մոնիտոր Asus VY249HF-W (90LM06A4-B03A70)","","","1214","aisle not crawled yet (monitors / all-in-one added, pending re-fetch)"
"eldorado","59900","Մոնիտոր Samsung 27D300GAU Black","","","1215","aisle not crawled yet (monitors / all-in-one added, pending re-fetch)"
"eldorado","69900","ASUS VZ27EHF 90LM07B0-B01470 Մոնիտոր","","","1216","aisle not crawled yet (monitors / all-in-one added, pending re-fetch)"
"eldorado","69900","Մոնիտոր LG 24G411A-B","","","1217","aisle not crawled yet (monitors / all-in-one added, pending re-fetch)"
"eldorado","69900","Մոնիտոր Asus VZ27EHF-W 90LM07B0-B02470","","","1218","aisle not crawled yet (monitors / all-in-one added, pending re-fetch)"
"eldorado","77900","ASUS VY279HF-W 90LM06D2-B02170 Մոնիտոր","","","1219","aisle not crawled yet (monitors / all-in-one added, pending re-fetch)"
"eldorado","79900","Մոնիտոր LG 27U421A-B","","","1220","aisle not crawled yet (monitors / all-in-one added, pending re-fetch)"
"eldorado","82900","Մոնիտոր Philips 24"" USB-C 24E1N3300A/00","","","1221","aisle not crawled yet (monitors / all-in-one added, pending re-fetch)"
"eldorado","85900","Մոնիտոր Samsung LS27DG300EU","","","1222","aisle not crawled yet (monitors / all-in-one added, pending re-fetch)"
"eldorado","89900","Մոնիտոր LG 24GS50F-B","","","1223","aisle not crawled yet (monitors / all-in-one added, pending re-fetch)"
"eldorado","89900","Մոնիտոր Samsung Odyssey G4 LS25BG400EIXCI","","","1224","aisle not crawled yet (monitors / all-in-one added, pending re-fetch)"
"eldorado","91900","Մոնիտոր LG 27GS50F-B","","","1225","aisle not crawled yet (monitors / all-in-one added, pending re-fetch)"
"eldorado","98900","Մոնիտոր Dell 27'' E2723H","","","1226","aisle not crawled yet (monitors / all-in-one added, pending re-fetch)"
"eldorado","99000","Մոնիտոր Asus VG249Q3A 90LM09B0-B01170","","","1227","aisle not crawled yet (monitors / all-in-one added, pending re-fetch)"
"eldorado","99900","Մոնիտոր ASUS VU279HFI-W (90LM09IT-B01K70)","","","1228","aisle not crawled yet (monitors / all-in-one added, pending re-fetch)"
"eldorado","99900","Մոնիտոր Samsung LS27BG400EUXEN","","","1229","aisle not crawled yet (monitors / all-in-one added, pending re-fetch)"
"eldorado","109900","Asus VG279Q3A 90LM0990-B01170 Մոնիտոր","","","1230","aisle not crawled yet (monitors / all-in-one added, pending re-fetch)"
"eldorado","119900","Մոնիտոր ASUS VA27DQSB-W (90LM06H4-B02370)","","","1231","aisle not crawled yet (monitors / all-in-one added, pending re-fetch)"
"eldorado","119900","Մոնիտոր LG 29U531A-W","","","1232","aisle not crawled yet (monitors / all-in-one added, pending re-fetch)"
"eldorado","124900","Մոնիտոր LG 27SR50F-W","","","1233","aisle not crawled yet (monitors / all-in-one added, pending re-fetch)"
"eldorado","129900","Մոնիտոր Samsung LS32CG554EU","","","1234","aisle not crawled yet (monitors / all-in-one added, pending re-fetch)"
"eldorado","129900","Մոնիտոր LG 27U511SA-W","","","1235","aisle not crawled yet (monitors / all-in-one added, pending re-fetch)"
"eldorado","149900","Մոնիտոր Samsung LS32D700EAU","","","1236","aisle not crawled yet (monitors / all-in-one added, pending re-fetch)"
"eldorado","149900","Մոնիտոր Samsung LS34C500GAU","","","1237","aisle not crawled yet (monitors / all-in-one added, pending re-fetch)"
"eldorado","149900","Մոնիտոր Samsung Odyssey G5 S32CG552EU","","","1238","aisle not crawled yet (monitors / all-in-one added, pending re-fetch)"
"eldorado","159900","Մոնիտոր LG 32SR50F-W","","","1239","aisle not crawled yet (monitors / all-in-one added, pending re-fetch)"
"eldorado","168900","Մոնիտոր LG 32UR500K-B","","","1240","aisle not crawled yet (monitors / all-in-one added, pending re-fetch)"
"eldorado","189900","ASUS VG32AQA1A 90LM07L0-B02370 Մոնիտոր","","","1241","aisle not crawled yet (monitors / all-in-one added, pending re-fetch)"
"eldorado","199900","Մոնիտոր Samsung LS32FM700UU","","","1242","aisle not crawled yet (monitors / all-in-one added, pending re-fetch)"
"eldorado","205900","Մոնիտոր Samsung S27D402G Black","","","1243","aisle not crawled yet (monitors / all-in-one added, pending re-fetch)"
"eldorado","209900","Մոնիտոր Samsung LS27BG650EU","","","1244","aisle not crawled yet (monitors / all-in-one added, pending re-fetch)"
"eldorado","239900","Խաղային մոնիտոր LG 34GP63A-B","","","1245","aisle not crawled yet (monitors / all-in-one added, pending re-fetch)"
"eldorado","469900","Խաղային մոնիտոր AOC 49"" LCD AG493UCX","","","1246","aisle not crawled yet (monitors / all-in-one added, pending re-fetch)"
"zigzag","72900","Xiaomi POCO M7 8GB/256GB Silver","8","","1250","WAF blocks crawlers - needs a browser harvest"
"zigzag","83900","Xiaomi Redmi 17 4GB/128GB Black","4","","1255","WAF blocks crawlers - needs a browser harvest"
"zigzag","114900","Xiaomi Redmi 17 8GB/256GB Oak Green","8","","1256","WAF blocks crawlers - needs a browser harvest"
"zigzag","114900","Xiaomi Redmi 17 8GB/256GB Deep Blue","8","","1257","WAF blocks crawlers - needs a browser harvest"
"zigzag","114900","Xiaomi Redmi 17 8GB/256GB Black","8","","1258","WAF blocks crawlers - needs a browser harvest"
"eldorado","177900","Սմարթֆոն Nothing Phone (1) 8/256 GB Black","256","","1265","aisle not crawled yet (monitors / all-in-one added, pending re-fetch)"
"eldorado","37900","Sony Playstation DualSense PS5 մոխրագույն","","","1281","aisle not crawled yet (monitors / all-in-one added, pending re-fetch)"
"eldorado","89900","Անլար ականջակալ Sony PULSE Explore White","","","1282","aisle not crawled yet (monitors / all-in-one added, pending re-fetch)"
"eldorado","8900","Անլար ականջակալ HONOR CHOICE Earbuds X7 lite","","","1283","aisle not crawled yet (monitors / all-in-one added, pending re-fetch)"
"eldorado","9900","Ականջակալ Samsung EO-IC100  USB Type-C White","","","1284","aisle not crawled yet (monitors / all-in-one added, pending re-fetch)"
"eldorado","10900","Անլար ականջակալ Redmi Buds 8 Active (White) (M2537E1) BHR08JUGL","","","1285","aisle not crawled yet (monitors / all-in-one added, pending re-fetch)"
"eldorado","10900","Անլար ականջակալ Redmi Buds 8 Active (Black) (M2537E1) BHR08JTGL","","","1286","aisle not crawled yet (monitors / all-in-one added, pending re-fetch)"
"eldorado","14900","Անլար ականջակալ Redmi Buds 8 lite (M2539E1) BHR08OLGL Սպիտակ","","","1287","aisle not crawled yet (monitors / all-in-one added, pending re-fetch)"
"eldorado","14900","Անլար ականջակալ Redmi Buds 8 Lite Black","","","1288","aisle not crawled yet (monitors / all-in-one added, pending re-fetch)"
"eldorado","19900","Ականջակալ HONOR CHOICE ROS-ME01 Սև","","","1289","aisle not crawled yet (monitors / all-in-one added, pending re-fetch)"
"eldorado","19900","Ականջակալ HONOR CHOICE ROS-ME01 սպիտակ","","","1290","aisle not crawled yet (monitors / all-in-one added, pending re-fetch)"
"eldorado","25900","Անլար ականջակալ Honor Choice Earbuds Clip MAK-ME01 (5504ADMX) black","","","1291","aisle not crawled yet (monitors / all-in-one added, pending re-fetch)"
"eldorado","25900","Անլար ականջակալ Honor Choice Earbuds Clip MAK-ME01 (5504ADMR) Purple","","","1292","aisle not crawled yet (monitors / all-in-one added, pending re-fetch)"
"eldorado","27900","Sony WH CH520L Blue Անլար ականջակալ","","","1293","aisle not crawled yet (monitors / all-in-one added, pending re-fetch)"
"eldorado","31900","Անլար ականջակալ Beats Flex All-Day (A2295)","","","1294","aisle not crawled yet (monitors / all-in-one added, pending re-fetch)"
"eldorado","35900","Ականջակալ Beats Solo Buds True Wireless (A3151 A3150 A3152)","","","1295","aisle not crawled yet (monitors / all-in-one added, pending re-fetch)"
"eldorado","37900","Sony WF-C500 True Wireless (YY2952) անլար ականջակալ նարնջագույն","","","1296","aisle not crawled yet (monitors / all-in-one added, pending re-fetch)"
"eldorado","57900","Sony WH-CH720 Black Անլար ականջակալ","","","1297","aisle not crawled yet (monitors / all-in-one added, pending re-fetch)"
"eldorado","59900","Անլար ականջակալ Samsung Original Headphone Galaxy Buds 3 R530 Silver","","","1298","aisle not crawled yet (monitors / all-in-one added, pending re-fetch)"
"eldorado","65900","MICROSOFT Xbox Ականջակալ","","","1299","aisle not crawled yet (monitors / all-in-one added, pending re-fetch)"
"eldorado","67900","Beats Studio Buds Earbuds (A2512 A25 13 A2514) անլար ակաջակալ սպիտակ","","","1300","aisle not crawled yet (monitors / all-in-one added, pending re-fetch)"
"eldorado","67900","Անլար ականջակալ Beats Studio Buds Earbuds (A2512 A25 13 A2514) սև","","","1301","aisle not crawled yet (monitors / all-in-one added, pending re-fetch)"
"eldorado","67900","Beats Studio Buds Earbuds (A2512 A25 13 A2514) անլար ականջակալ կարմիր","","","1302","aisle not crawled yet (monitors / all-in-one added, pending re-fetch)"
"eldorado","69900","Անլար ականջակալ Sennheiser HD 450BT Black","","","1303","aisle not crawled yet (monitors / all-in-one added, pending re-fetch)"
"eldorado","79900","Անլար ականջակալ Sony Playstation Pulse Elite wireless PS5","","","1304","aisle not crawled yet (monitors / all-in-one added, pending re-fetch)"
"eldorado","89900","Beats Fit Pro (A2577 A2576 A257) անլար ականջակալ սպիտակ","","","1305","aisle not crawled yet (monitors / all-in-one added, pending re-fetch)"
"eldorado","89900","Beats Fit Pro (A2577 A2576 A257) անլար ականջակալ սև","","","1306","aisle not crawled yet (monitors / all-in-one added, pending re-fetch)"
"eldorado","89900","Beats Fit Pro (A2577 A2576 A257) անլար ականջակալ մոխրագույն","","","1307","aisle not crawled yet (monitors / all-in-one added, pending re-fetch)"
"eldorado","89900","Անլար ականջակալ Beats Solo4 OnEar (A3140)","","","1308","aisle not crawled yet (monitors / all-in-one added, pending re-fetch)"
"eldorado","89900","Անլար ականջակալ Sennheiser Accentum Wireless ACAEBT սև","","","1309","aisle not crawled yet (monitors / all-in-one added, pending re-fetch)"
"eldorado","89900","Sony WHULT900N White Անլար ականջակալ","","","1310","aisle not crawled yet (monitors / all-in-one added, pending re-fetch)"
"eldorado","89900","Անլար ականջակալ Sennheiser Accentum ACAEBT սպիտակ","","","1311","aisle not crawled yet (monitors / all-in-one added, pending re-fetch)"
"eldorado","89900","Nothing Ear Open B182 սպիտակ անլար ականջակալ","","","1312","aisle not crawled yet (monitors / all-in-one added, pending re-fetch)"
"eldorado","95900","Ականջակալ Sennheiser HD 599","","","1313","aisle not crawled yet (monitors / all-in-one added, pending re-fetch)"
"eldorado","99900","Անլար Ականջակալ Bose SoundSport Free Bright Orange","","","1314","aisle not crawled yet (monitors / all-in-one added, pending re-fetch)"
"eldorado","99900","Ականջակալ Sennheiser Accentum True Wireless ATW1 սպիտակ","","","1315","aisle not crawled yet (monitors / all-in-one added, pending re-fetch)"
"eldorado","99900","Ականջակալ Sennheiser Accentum True Wireless ATW1 սև","","","1316","aisle not crawled yet (monitors / all-in-one added, pending re-fetch)"
"eldorado","99900","Անլար Ականջակալ Bose SoundSport Free Black","","","1317","aisle not crawled yet (monitors / all-in-one added, pending re-fetch)"
"eldorado","99900","Ականջակալ Sennheiser Accentum True Special Edition ATW1 SE կապույտ","","","1318","aisle not crawled yet (monitors / all-in-one added, pending re-fetch)"
"eldorado","119900","Անլար ականջակալ Sennheiser Accentum Plus (ACPAEBT) սև","","","1319","aisle not crawled yet (monitors / all-in-one added, pending re-fetch)"
"eldorado","119900","Անլար ականջակալ Sennheiser Accentum Plus (ACPAEBT) սպիտակ","","","1320","aisle not crawled yet (monitors / all-in-one added, pending re-fetch)"
"eldorado","126900","Անլար ականջակալ Bose QuietComfort 45 Acoustic Black","","","1321","aisle not crawled yet (monitors / all-in-one added, pending re-fetch)"
"eldorado","139900","Ականջակալ Beats Studio Pro Wireless Model (A2924)","","","1322","aisle not crawled yet (monitors / all-in-one added, pending re-fetch)"
"eldorado","139900","Ականջակալ Beats Studio Pro Wireless (A2924)","","","1323","aisle not crawled yet (monitors / all-in-one added, pending re-fetch)"
"eldorado","159900","Ականջակալ Sennheiser Momentum Sport MSPORT1 Olive","","","1324","aisle not crawled yet (monitors / all-in-one added, pending re-fetch)"
"eldorado","159900","Ականջակալ Sennheiser Momentum Sport MSPORT1 սև","","","1325","aisle not crawled yet (monitors / all-in-one added, pending re-fetch)"
"eldorado","159900","Ականջակալ Sennheiser Momentum Sport MSPORT1 Graphite","","","1326","aisle not crawled yet (monitors / all-in-one added, pending re-fetch)"
"eldorado","159900","Sennheiser HD 620S Ականջակալ","","","1327","aisle not crawled yet (monitors / all-in-one added, pending re-fetch)"
"eldorado","159900","Sennheiser RS 195 Black Ականջակալ","","","1328","aisle not crawled yet (monitors / all-in-one added, pending re-fetch)"
"eldorado","169900","Անլար ականջակալ Sennheiser Momentum M4AEBT սև","","","1329","aisle not crawled yet (monitors / all-in-one added, pending re-fetch)"
"eldorado","199900","Sony WH-1000XM5 (YY2954) անլար ականջակալ արծաթագույն","","","1330","aisle not crawled yet (monitors / all-in-one added, pending re-fetch)"
"eldorado","319900","Անլար ականջակալ օդի ֆիլտրով Dyson Zone (Ultra Blue/Prussian Blue)","","","1331","aisle not crawled yet (monitors / all-in-one added, pending re-fetch)"
"eldorado","349900","Անլար ականջակալ օդի ֆիլտրով Dyson Zone Absolute+ (Prussian Blue/Bright Copper)","","","1332","aisle not crawled yet (monitors / all-in-one added, pending re-fetch)"
"eldorado","135000","Սմարթ ժամացույց Garmin vivoactive 5 Metallic orchid","","","1344","aisle not crawled yet (monitors / all-in-one added, pending re-fetch)"
"eldorado","199000","Սմարթ ժամացույց Garmin Venu 3 Black Slate with Black Leather","","","1348","aisle not crawled yet (monitors / all-in-one added, pending re-fetch)"
"zigzag","239000","Garmin Venu 4 - 45 mm Black","","","1350","WAF blocks crawlers - needs a browser harvest"
"eldorado","345000","Սմարթ ժամացույց Garmin epix Pro (Gen 2) – Sapphire Edition 51 mm","","","1353","aisle not crawled yet (monitors / all-in-one added, pending re-fetch)"
"zigzag","849900","HP OMEN 16"" Core i7-14650HX 32GB/1TB RTX5050 Black /C42DNEA","32","","1355","WAF blocks crawlers - needs a browser harvest"
"zigzag","824900","Lenovo ThinkPad T16 Gen 5 16"" Ultra 7-355 16GB/512GB /21WT005CFW","16","","1356","WAF blocks crawlers - needs a browser harvest"
"zigzag","759900","Lenovo ThinkPad T16 Gen 5 16"" Ultra 5-325 16GB/512GB /21WT0059FW","16","","1357","WAF blocks crawlers - needs a browser harvest"
"zigzag","689900","Lenovo ThinkPad E16 Gen 4 16"" Ultra 7-355 16GB/512GB /21YC003TFW","16","","1358","WAF blocks crawlers - needs a browser harvest"
"zigzag","629900","Lenovo ThinkPad E16 Gen 4 16"" Ultra 5-325 16GB/512GB /21YC003UFW","16","","1359","WAF blocks crawlers - needs a browser harvest"
"zigzag","349000","Lenovo IdeaPad Slim 3 15.3"" i5-13420H 16GB/512GB Grey /83K1002ERK","16","","1360","WAF blocks crawlers - needs a browser harvest"
"zigzag","339000","Asus VivoBook 15.6"" Core 5-120U 16GB/512GB Quiet Blue /90NB13Y1-M01PX0","16","","1361","WAF blocks crawlers - needs a browser harvest"
"zigzag","379000","Asus VivoBook 17.3"" Core 5-120U 16GB/512GB Quiet Blue /90NB13X2-M00J00","16","","1362","WAF blocks crawlers - needs a browser harvest"
"zigzag","739000","Asus TUF 16"" i7-14650HX 16GB/512GB RTX5050 Gray /90NR0NA1-M003C0","16","","1363","WAF blocks crawlers - needs a browser harvest"
"zigzag","449000","Asus Vivobook S 16"" Core 5-210H 16GB/512GB Matte Gray /90NB1672-M009K0","16","","1364","WAF blocks crawlers - needs a browser harvest"
"zigzag","429000","Asus Vivobook S 14"" Core 5-210H 16GB/512GB Matte Gray /90NB1682-M00720","16","","1365","WAF blocks crawlers - needs a browser harvest"
"zigzag","639900","Lenovo LOQ 15.6"" i7-13645HX 16GB/512GB RTX5050 Luna Grey /83JE0189RK","16","","1366","WAF blocks crawlers - needs a browser harvest"
"zigzag","349900","Lenovo IdeaPad Slim 3 15.3"" R7-170 16GB/512GB Grey /83K700HRRK","16","","1367","WAF blocks crawlers - needs a browser harvest"
"zigzag","779000","HP OmniBook X Flip 16"" Ultra 7-258V 32GB/1TB W11H Silver /CL6V6EA","32","","1368","WAF blocks crawlers - needs a browser harvest"
"zigzag","719000","HP OmniBook X Flip 14"" Ultra 7-256V 16GB/1TB W11H Silver /BZ2X0EA","16","","1369","WAF blocks crawlers - needs a browser harvest"
"zigzag","733000","HP OmniBook X Flip 16"" Ultra 7-256V 16GB/1TB W11H Silver /C1UP1EA","16","","1370","WAF blocks crawlers - needs a browser harvest"
"zigzag","979000","Asus ZenBook 16"" OLED Ryzen AI 7-445 32GB/1TB W11H White /90NB17H2-M006F0","32","","1371","WAF blocks crawlers - needs a browser harvest"
"zigzag","379900","Honor MagicBook X16 Ultra 5-125H 16GB/1TB W11H Gray /5301ARGM","16","","1372","WAF blocks crawlers - needs a browser harvest"
"zigzag","419000","Lenovo ThinkPad E16 G3 16"" Core 5-210H 16GB/512GB /21TF004RFW","16","","1373","WAF blocks crawlers - needs a browser harvest"
"zigzag","839000","Lenovo ThinkPad T16 G4 16"" Ultra 7-255U 16GB/512GB /21QE0066FW","16","","1374","WAF blocks crawlers - needs a browser harvest"
"zigzag","641000","HP OmniBook X Flip 16"" Ultra 5-226V 16GB/1TB W11H Silver /CL6V7EA","16","","1375","WAF blocks crawlers - needs a browser harvest"
"zigzag","479000","HP OmniBook 7 16"" Core 5-210H 16GB/512GB Silver W11H /C21N7EA","16","","1376","WAF blocks crawlers - needs a browser harvest"
"zigzag","1399000","HP OMEN 16"" Ultra 7-255HX 64GB/1TB RTX 5070Ti Black /C5HZ1EA","64","","1377","WAF blocks crawlers - needs a browser harvest"
"zigzag","1169000","Asus Zenbook DUO 14.5"" Touch Ultra 9-285H 32GB/2TB W11 GRAY /UX8406CA-IS99T*","32","","1378","WAF blocks crawlers - needs a browser harvest"
"zigzag","429000","Asus Vivobook 15.6"" Touch Core 7-150U 16GB/1TB W11 SILVER /F1504VAP-IH79T*","16","","1379","WAF blocks crawlers - needs a browser harvest"
"zigzag","389000","Asus Vivobook 16"" i7-1355 16GB/512GB WIN11 BLACK /F1605VA-WS74*","16","","1380","WAF blocks crawlers - needs a browser harvest"
"zigzag","499000","Lenovo ThinkPad E16 G3 16"" Ultra 5-225U 16GB/512GB Black /21SR0048FW","16","","1381","WAF blocks crawlers - needs a browser harvest"
"zigzag","299900","Honor MagicBook X14 i5-13420H 16GB/512GB Space Gray W11H /5301ALWG","16","","1382","WAF blocks crawlers - needs a browser harvest"
"zigzag","859900","Honor MagicBook Pro 16 Ultra 9-285H 32GB/1TB RTX5060 W11H White /5301APWK","32","","1383","WAF blocks crawlers - needs a browser harvest"
"zigzag","789000","HP EliteBook 8 Flip G1i 13.3"" Ultra 5-225U 32GB/512GB W11P /A37FYET","32","","1384","WAF blocks crawlers - needs a browser harvest"
"zigzag","598900","Lenovo Yoga 7 2in1 16"" Ultra 7-256V 16GB/1TB Grey /83JT0028RK","16","","1385","WAF blocks crawlers - needs a browser harvest"
"zigzag","585000","HP OmniBook X Flip x360 16"" Ultra 5-226V 16GB/512GB W11H Silver /C1UP3EA","16","","1386","WAF blocks crawlers - needs a browser harvest"
"zigzag","669000","HP OmniBook X Flip x360 14"" Ultra 7-256V 16GB/512GB W11H Silver /C1UM8EA","16","","1387","WAF blocks crawlers - needs a browser harvest"
"zigzag","1265000","Lenovo ThinkPad X9 G1 Aura Edition 15.3"" Ultra 7-258V 32GB/1TB W11P White /21Q6006AFW","32","","1388","WAF blocks crawlers - needs a browser harvest"
"zigzag","349000","Lenovo IdeaPad Slim 3 16"" i5-13420H 16GB/512GB Grey /83K2000WRK","16","","1389","WAF blocks crawlers - needs a browser harvest"
"zigzag","365900","Lenovo IdeaPad Slim 3 15.3"" i7-13620H 16/512 /83K10032RK","","","1390","WAF blocks crawlers - needs a browser harvest"
"zigzag","439900","HP OmniBook 5 16"" Ultra 5-225U 16/1 /BM0Q2EA","","","1391","WAF blocks crawlers - needs a browser harvest"
"zigzag","499000","HP OmniBook 5 16"" Ultra 7-255U 16/1 /BK9Y8EA","","","1392","WAF blocks crawlers - needs a browser harvest"
"zigzag","548000","Lenovo IdeaPad 5 2-in-1 16"" OLED i7-150U 16/512 Grey /83DU003WRK","","","1393","WAF blocks crawlers - needs a browser harvest"
"zigzag","559900","Honor MagicBook Pro 16"" Ultra 5-125H 24/1 White W11H /5301AJJG","","","1394","WAF blocks crawlers - needs a browser harvest"
"zigzag","579900","Honor MagicBook Pro 16"" Ultra 5-125H 24/1 Purple W11H /5301AJJE","","","1395","WAF blocks crawlers - needs a browser harvest"
"zigzag","434000","HP Pavilion 16"" R7-8840U 16/512 /B2CV4EA","","","1396","WAF blocks crawlers - needs a browser harvest"
"zigzag","447000","HP Pavilion 16"" Ultra 5-125U 16/512 /B2CV3EA","","","1397","WAF blocks crawlers - needs a browser harvest"
"zigzag","305900","Honor MagicBook X 16 Pro i5-13420H 8/512 W11H Silver /5301AHQV","","","1398","WAF blocks crawlers - needs a browser harvest"
"zigzag","305900","Honor MagicBook X14 Pro i5-13420H 8/512 W11H Silver /5301AHQK","","","1399","WAF blocks crawlers - needs a browser harvest"
"zigzag","949000","Apple MacBook Air 13"" M3 8/10 16/1TB Space Gray US KB /Z1G50006H*","1024","","1400","WAF blocks crawlers - needs a browser harvest"
"zigzag","365000","HP Laptop 15.6"" Core 5 120U 16/512 /A5CV9EA","","","1401","WAF blocks crawlers - needs a browser harvest"
"zigzag","355000","HP Laptop 15.6"" FHD i5-1334U / 16/512 /9U5W4EA","","","1402","WAF blocks crawlers - needs a browser harvest"
"zigzag","279900","Honor MagicBook X16 i5-12450H 8/512 (BRN-F58) /5301AHHP","","","1403","WAF blocks crawlers - needs a browser harvest"
"zigzag","1044000","Asus ROG STRIX G16 16"" i9-14900HX 16/1 4060 W11 /G614JVR-ES94*","","","1404","WAF blocks crawlers - needs a browser harvest"
"zigzag","643600","Asus Vivobook S 15.6"" i9-13900H 16/1 CAMO SILVER W11 /K5504VA-PB99-SL*","","","1405","WAF blocks crawlers - needs a browser harvest"
"zigzag","643600","Asus Vivobook S 15.6"" i9-13900H 16/1 CAMO GREEN W11 /K5504VA-PB99-GR*","","","1406","WAF blocks crawlers - needs a browser harvest"
"zigzag","547000","Lenovo Yoga Slim 7 R5-7640S 16/512 /83AA000BRK","","","1407","WAF blocks crawlers - needs a browser harvest"
"zigzag","1179500","Apple MacBook Pro 16 M3Pro 12/18 18/512 Black /MRW13RU/A","","","1408","WAF blocks crawlers - needs a browser harvest"
"zigzag","713400","Apple MacBook Pro 14 M3 8/10 8/512 SG /MTL73RU/A","","","1409","WAF blocks crawlers - needs a browser harvest"
"zigzag","793000","Apple MacBook Pro 14 M3 8/10 8/1 SG /MTL83RU/A","","","1410","WAF blocks crawlers - needs a browser harvest"
"zigzag","925800","HP ENVY 16 i9-13900H 16/1 4060 W11 /7Z0P3UA#ABA*","","","1411","WAF blocks crawlers - needs a browser harvest"
"zigzag","31900","Sony WF-C510/L","","","1412","WAF blocks crawlers - needs a browser harvest"
"zigzag","31900","Sony WF-C510/YC","","","1413","WAF blocks crawlers - needs a browser harvest"
"zigzag","31900","Sony WF-C510/W","","","1414","WAF blocks crawlers - needs a browser harvest"
"zigzag","157000","Nothing Headphone ( 1 ) White /6974434224179","","","1415","WAF blocks crawlers - needs a browser harvest"
"zigzag","31900","Sony WF-C510/B","","","1416","WAF blocks crawlers - needs a browser harvest"
"zigzag","199900","Sony WH-1000XM5/SME","","","1417","WAF blocks crawlers - needs a browser harvest"
"zigzag","199900","Sony WH-1000XM5/BME","","","1418","WAF blocks crawlers - needs a browser harvest"
"zigzag","151900","Sony WH-G900N/WZ E","","","1419","WAF blocks crawlers - needs a browser harvest"
"zigzag","54900","Sony WF-C700N/GZ E","","","1420","WAF blocks crawlers - needs a browser harvest"
"zigzag","52900","Sony WF-C700N/WZ E","","","1421","WAF blocks crawlers - needs a browser harvest"
"zigzag","147900","Sony WF-1000XM5/SCE","","","1422","WAF blocks crawlers - needs a browser harvest"
"zigzag","147900","Sony WF-1000XM5/BCE","","","1423","WAF blocks crawlers - needs a browser harvest"
"zigzag","64900","Honor Pad X7 8.7"" 4GB/128GB LTE Gray /5504ADRG","4","","1424","WAF blocks crawlers - needs a browser harvest"
"zigzag","102900","Honor Pad X8b 11"" 6GB/256GB WIFI Gray /5301ARMJ","6","","1425","WAF blocks crawlers - needs a browser harvest"
"zigzag","179990","Honor Pad X9a 8GB/256GB LTE Gray /5301AMUY","8","","1426","WAF blocks crawlers - needs a browser harvest"
"zigzag","425900","Apple iPad Air 13"" M3 WiFi 128GB Starlight /MCNK4*","128","","1427","WAF blocks crawlers - needs a browser harvest"
"zigzag","679000","Apple iPad Pro 13"" M4 2024 512GB Wi-Fi Black /MVX43*","512","","1428","WAF blocks crawlers - needs a browser harvest"
"zigzag","579000","Apple iPad Pro 13"" M4 2024 256GB Wi-Fi Black /MVX23*","256","","1429","WAF blocks crawlers - needs a browser harvest"
"zigzag","537400","Apple iPad Pro 12.9 M2 128GB Cell SpaceGray/MP5X3*","128","","1430","WAF blocks crawlers - needs a browser harvest"
"zigzag","505400","Apple iPad Pro 12.9 M2 WiFi 128GB S.Grey/MNXP3RK/A","128","","1431","WAF blocks crawlers - needs a browser harvest"
"zigzag","505400","Apple iPad Pro 12.9 M2 WiFi 128GB Silver/MNXQ3RK/A","128","","1432","WAF blocks crawlers - needs a browser harvest"
"zigzag","406000","Apple Watch Ultra 2 49mm Black Titanium+Dark Green Alpine Loop L /MX4T3*","","","1433","WAF blocks crawlers - needs a browser harvest"
"zigzag","72900","Apple HomePod Mini Yellow /MJ2E3LL/A*","","","1434","WAF blocks crawlers - needs a browser harvest"
"zigzag","406500","Apple Watch Ultra 2 49mm Blue/Black M/L/MRF63RB/A","","","1435","WAF blocks crawlers - needs a browser harvest"
"zigzag","860900","Apple Studio Display 2026 -Standard glass - Tilt-adjustable stand /MFEX4","","","1436","WAF blocks crawlers - needs a browser harvest"
"zigzag","1999000","Apple Studio Display XDR 2026 Tilt-Height adjustable /MFEL4*","","","1437","WAF blocks crawlers - needs a browser harvest"
"zigzag","489000","Garmin Fenix 9 Pro 47mm  AMOLED  Carbon Gray DLC Titanium","","","1438","WAF blocks crawlers - needs a browser harvest"
"zigzag","89000","Garmin CIRQA™ Smart Band  Black  S-M","","","1439","WAF blocks crawlers - needs a browser harvest"
"zigzag","89000","Garmin CIRQA™ Smart Band  Mauve  S-M","","","1440","WAF blocks crawlers - needs a browser harvest"
"zigzag","89000","Garmin CIRQA™ Smart Band  Captain Blue  S-M","","","1441","WAF blocks crawlers - needs a browser harvest"
"zigzag","159000","Garmin Forerunner 170 Music Whitestone","","","1442","WAF blocks crawlers - needs a browser harvest"
"zigzag","159000","Garmin Forerunner 170 Music Black","","","1443","WAF blocks crawlers - needs a browser harvest"
"zigzag","129000","Garmin Forerunner 170 Whitestone","","","1444","WAF blocks crawlers - needs a browser harvest"
"zigzag","129000","Garmin Forerunner 170 Black","","","1445","WAF blocks crawlers - needs a browser harvest"
"zigzag","109000","Garmin Forerunner 70 Citron","","","1446","WAF blocks crawlers - needs a browser harvest"
"zigzag","109000","Garmin Forerunner 70 Whitestone","","","1447","WAF blocks crawlers - needs a browser harvest"
"zigzag","109000","Garmin Forerunner 70 Black","","","1448","WAF blocks crawlers - needs a browser harvest"
"zigzag","19900","Honor Choice Watch 2i White KCH-WB01 /5504ACGN","","","1449","WAF blocks crawlers - needs a browser harvest"
"zigzag","19900","Honor Choice Watch 2i Black KCH-WB01 /5504ACGM","","","1450","WAF blocks crawlers - needs a browser harvest"
"zigzag","468930","Garmin Fenix 8 Pro – 51 mm  AMOLED","","","1451","WAF blocks crawlers - needs a browser harvest"
"zigzag","434130","Garmin Fenix 8 Pro – 47 mm  AMOLED","","","1452","WAF blocks crawlers - needs a browser harvest"
"zigzag","55000","Nothing CMF Watch 3 Pro Dark Grey /6974434225312","","","1453","WAF blocks crawlers - needs a browser harvest"
"zigzag","166500","Garmin Instinct 2X Solar - Tactical Edition Coyote","","","1454","WAF blocks crawlers - needs a browser harvest"
"zigzag","239000","Garmin Venu 4 - 41 mm Lunar Gold","","","1455","WAF blocks crawlers - needs a browser harvest"
"zigzag","239000","Garmin Venu 4 - 41 mm Black","","","1456","WAF blocks crawlers - needs a browser harvest"
"zigzag","489000","Garmin Fenix 9  51mm  Carbon DLC  Black Band","","","1457","WAF blocks crawlers - needs a browser harvest"
"zigzag","89000","Garmin CIRQA™ Smart Band  French Gray  S-M","","","1458","WAF blocks crawlers - needs a browser harvest"
"zigzag","269100","Garmin Venu X1  GPS  Moss","","","1459","WAF blocks crawlers - needs a browser harvest"
"zigzag","269100","Garmin Venu X1  GPS  Black","","","1460","WAF blocks crawlers - needs a browser harvest"
"zigzag","215100","Garmin Forerunner 570 Black","","","1461","WAF blocks crawlers - needs a browser harvest"
"zigzag","296100","Garmin Forerunner® 970 Black","","","1462","WAF blocks crawlers - needs a browser harvest"
"zigzag","140800","Garmin Instinct 3 – 45 mm  Solar","","","1463","WAF blocks crawlers - needs a browser harvest"
"zigzag","158400","Garmin Instinct 3 – 45 mm  AMOLED","","","1464","WAF blocks crawlers - needs a browser harvest"
"zigzag","144000","Garmin vivoactive® 6 Lunar Gold","","","1465","WAF blocks crawlers - needs a browser harvest"
"zigzag","144000","Garmin vivoactive® 6 Black","","","1466","WAF blocks crawlers - needs a browser harvest"
"zigzag","158400","Garmin Instinct 3  50mm Solar","","","1467","WAF blocks crawlers - needs a browser harvest"
"zigzag","176000","Garmin Instinct 3  50mm AMOLED","","","1468","WAF blocks crawlers - needs a browser harvest"
"zigzag","64900","Honor Watch 5 Green STL-B19 /5502ABGJ","","","1469","WAF blocks crawlers - needs a browser harvest"
"zigzag","229900","Samsung Galaxy Watch 7 Ultra 47mm Gray /SM-L705F","","","1470","WAF blocks crawlers - needs a browser harvest"
"zigzag","532000","Garmin Fenix 8 – 47 mm  AMOLED Sapphire  Titanium with Vented titanium bracelet","","","1471","WAF blocks crawlers - needs a browser harvest"
"zigzag","348000","Garmin Fenix 8 – 47 mm  AMOLED Slate Gray","","","1472","WAF blocks crawlers - needs a browser harvest"
"zigzag","386280","Garmin Fenix 8 – 47 mm  AMOLED Sapphire Carbon Gray Titanium","","","1473","WAF blocks crawlers - needs a browser harvest"
"zigzag","386280","Garmin Fenix 8 – 47 mm  AMOLED Sapphire Spark Orange Titanium","","","1474","WAF blocks crawlers - needs a browser harvest"
"zigzag","169150","Garmin Instinct 2X Solar Graphite","","","1475","WAF blocks crawlers - needs a browser harvest"
"zigzag","121500","Garmin Vivoactive 5 Ivory","","","1476","WAF blocks crawlers - needs a browser harvest"
"zigzag","121500","Garmin vivoactive 5 Black","","","1477","WAF blocks crawlers - needs a browser harvest"
"zigzag","299000","Garmin Fenix 7 Pro Sapphire Solar Black","","","1478","WAF blocks crawlers - needs a browser harvest"
"zigzag","206100","Garmin Forerunner® 965 Black/Powder Grey","","","1479","WAF blocks crawlers - needs a browser harvest"
"zigzag","166440","Garmin Instinct 2X Solar – Tactical Edition","","","1480","WAF blocks crawlers - needs a browser harvest"
"zigzag","169150","Garmin Instinct 2X Solar Moss","","","1481","WAF blocks crawlers - needs a browser harvest"
"zigzag","179100","Garmin Venu 3 Black leather","","","1482","WAF blocks crawlers - needs a browser harvest"
"zigzag","189000","Garmin Venu 3s French grey","","","1483","WAF blocks crawlers - needs a browser harvest"
"zigzag","329000","Garmin Fenix 7X Pro – Sapphire Solar Edition","","","1484","WAF blocks crawlers - needs a browser harvest"
"zigzag","97900","Xiaomi Redmi Note 17 5G 6GB/128GB Celestial Purple","6","","1485","WAF blocks crawlers - needs a browser harvest"
"zigzag","111900","Xiaomi POCO M8 5G 8GB/256GB Black","8","","1486","WAF blocks crawlers - needs a browser harvest"
"zigzag","111900","Xiaomi POCO M8 5G 8GB/256GB Silver","8","","1487","WAF blocks crawlers - needs a browser harvest"
"zigzag","129900","Xiaomi Redmi Note 17 4G 8GB/256GB Black","8","","1488","WAF blocks crawlers - needs a browser harvest"
"zigzag","129900","Xiaomi Redmi Note 17 4G 8GB/256GB Celestial Purple","8","","1489","WAF blocks crawlers - needs a browser harvest"
"zigzag","174900","Xiaomi Redmi Note 17 Pro Max 5G 8GB/256GB Black","8","","1490","WAF blocks crawlers - needs a browser harvest"
"zigzag","191900","Xiaomi Redmi Note 17 Pro Max 5G 8GB/512GB Black","8","","1491","WAF blocks crawlers - needs a browser harvest"
"zigzag","919000","Google Pixel 10 Pro Fold 512GB Moonstone /GU0NP","512","","1492","WAF blocks crawlers - needs a browser harvest"
"ibolit","59900","Apple HomePod Mini Black","","","1493","their site is down (database error) - retry later"
"ibolit","59900","Apple HomePod Mini Blue","","","1494","their site is down (database error) - retry later"
"ibolit","59900","Apple HomePod Mini Orange","","","1495","their site is down (database error) - retry later"
"ibolit","59900","Apple HomePod Mini White","","","1496","their site is down (database error) - retry later"
"ibolit","59900","Apple HomePod Mini Yellow","","","1497","their site is down (database error) - retry later"
"ibolit","65900","TWS Bluetooth Headsets Apple AirPods 3rd Generation","","","1498","their site is down (database error) - retry later"
"ibolit","68900","Band Extension Apple 42mm Magnetic Link Black for Apple Watch 38-42mm","","","1499","their site is down (database error) - retry later"
"ibolit","99000","iPhone 14 Pro Max Magic Glass Box","","","1500","their site is down (database error) - retry later"
"ibolit","152000","iPad 10.2 9th Generation   64GB  Wi-Fi  Space Gray","64","","1501","their site is down (database error) - retry later"
"ibolit","154000","iPad 10.2 9th Gen 64GB Wi-Fi Silver","64","","1502","their site is down (database error) - retry later"
"ibolit","165900","Apple HomePod 2 White","","","1503","their site is down (database error) - retry later"
"ibolit","181000","Apple HomePod 2 Black","","","1504","their site is down (database error) - retry later"
"ibolit","275000","MacBook Air 13 MGN63 M1 2020 Space Gray","","","1505","their site is down (database error) - retry later"
"ibolit","277000","iPad Air 11 128GB Wi-Fi 2024 Purple","128","","1506","their site is down (database error) - retry later"
"ibolit","277000","iPad Air 11 128GB Wi-Fi 2024 Space Gray","128","","1507","their site is down (database error) - retry later"
"ibolit","277000","iPad Air 11 128GB Wi-Fi 2024 Starlight","128","","1508","their site is down (database error) - retry later"
"ibolit","305000","MacBook Air 13 MGN93 M1 2020 Silver","","","1509","their site is down (database error) - retry later"
"ibolit","305000","MacBook Air MGN63 Late 2020 Space Gray","","","1510","their site is down (database error) - retry later"
"ibolit","314900","MacBook Air 13 MGND3 M1 2020 Gold","","","1511","their site is down (database error) - retry later"
"ibolit","339000","MacBook Air MGN93 Late 2020 Silver","","","1512","their site is down (database error) - retry later"
"ibolit","365000","iPad Air 5 64GB Wi-Fi + Cellular 2022 Space Gray","64","","1513","their site is down (database error) - retry later"
"ibolit","405000","iPad Air 11 128GB Wi-Fi + Cellular 2024 Blue","128","","1514","their site is down (database error) - retry later"
"ibolit","405000","iPad Air 11 128GB Wi-Fi + Cellular 2024 Purple","128","","1515","their site is down (database error) - retry later"
"ibolit","405000","iPad Air 11 128GB Wi-Fi + Cellular 2024 Starlight","128","","1516","their site is down (database error) - retry later"
"ibolit","466000","iPad Air 11 256GB Wi-Fi + Cellular 2024 Space Gray","256","","1517","their site is down (database error) - retry later"
"ibolit","493000","iPad Air 13 256 GB Wi-Fi 2024 Purple","256","","1518","their site is down (database error) - retry later"
"ibolit","526000","iPad Air 13 256 GB Wi-Fi 2024 Space Gray","256","","1519","their site is down (database error) - retry later"
"ibolit","526000","iPad Air 13 256GB Wi-Fi 2024 Blue","256","","1520","their site is down (database error) - retry later"
"ibolit","526000","iPad Air 13 256GB Wi-Fi 2024 Starlight","256","","1521","their site is down (database error) - retry later"
"ibolit","521000","iPad Air 13 128GB Wi-Fi + Cellular 2024 Blue","128","","1522","their site is down (database error) - retry later"
"ibolit","643000","iPad Air 13 256GB Wi-Fi + Cellular 2024 Blue","256","","1523","their site is down (database error) - retry later"
"ibolit","643000","iPad Air 13 256GB Wi-Fi + Cellular 2024 Purple","256","","1524","their site is down (database error) - retry later"
"ibolit","598000","iPad Pro 13 256GB M4 Wi-Fi + Cellular 2024 Space Grey","256","","1525","their site is down (database error) - retry later"
"ibolit","680000","iPad Pro 13 512GB Wi-Fi 2024 Silver","512","","1526","their site is down (database error) - retry later"
"ibolit","692000","MacBook Pro 14 2023 MTL73 Space Gray","","","1527","their site is down (database error) - retry later"
"ibolit","715000","iPad Pro 13 512GB Wi-Fi + Cellular 2024 Silver","512","","1528","their site is down (database error) - retry later"
"ibolit","719000","MacBook Air 13 M1 2024 Starlight","","","1529","their site is down (database error) - retry later"
"ibolit","720000","MacBook Pro 14 MR7J3 2023 Silver","","","1530","their site is down (database error) - retry later"
"ibolit","889000","MacBook Pro 14 MRX33 2023 Space Black","","","1531","their site is down (database error) - retry later"
"ibolit","1043000","MacBook Pro 14 MRX43 2023 Space Black","","","1532","their site is down (database error) - retry later"
"ibolit","1175000","MacBook Pro 16 MRW23 Space Black","","","1533","their site is down (database error) - retry later"
"ibolit","1175000","MacBook Pro 16 MRW63 2023 Silver","","","1534","their site is down (database error) - retry later"
"ibolit","263000","Asus ROG Strix Z790-F Gaming Wi-Fi II","","","1535","their site is down (database error) - retry later"
"ibolit","198000","Asus ROG Strix Z790-H Gaming Wi-Fi","","","1536","their site is down (database error) - retry later"
"ibolit","195000","Asus ROG Hyperion GR701","","","1537","their site is down (database error) - retry later"
"ibolit","163000","ASUS ROG Strix Helios GX601 90DC0020-B39000","","","1538","their site is down (database error) - retry later"
"ibolit","153000","Asus TUF Gaming Z790 Plus Wi-Fi D4 Socket 1700","","","1539","their site is down (database error) - retry later"
"ibolit","153000","Asus ProArt LC 420","","","1540","their site is down (database error) - retry later"
"ibolit","135000","Asus TUF Gaming Z790-Plus D4 Socket 1700","","","1541","their site is down (database error) - retry later"
"ibolit","132000","Asus TUF Gaming 1200 G","","","1542","their site is down (database error) - retry later"
"ibolit","126000","Asus ROG Strix LC II 360","","","1543","their site is down (database error) - retry later"
"ibolit","126000","Asus ROG Strix B760-G Gaming WiFi","","","1544","their site is down (database error) - retry later"
"ibolit","125000","Asus TUF Gaming Z690-Plus D4 Socket 1700","","","1545","their site is down (database error) - retry later"
"ibolit","115000","Asus ROG Strix GS-AX5400","","","1546","their site is down (database error) - retry later"
"ibolit","112000","Asus ROG Strix B760-G Gaming Wi-Fi D4","","","1547","their site is down (database error) - retry later"
"ibolit","83000","Asus ROG Strix 650G","","","1548","their site is down (database error) - retry later"
"ibolit","79000","Asus ROG Strix GS-AX3000","","","1549","their site is down (database error) - retry later"
"ibolit","69000","Asus TUF Gaming GT302 ARGB Black","","","1550","their site is down (database error) - retry later"
"ibolit","65000","Asus TUF Gaming 650B","","","1551","their site is down (database error) - retry later"
"ibolit","49000","Asus TUF Gaming 550W","","","1552","their site is down (database error) - retry later"
"ibolit","43000","Asus TUF Gaming 450B","","","1553","their site is down (database error) - retry later"
"ibolit","39000","Asus P504 ROG Gladius II Origin","","","1554","their site is down (database error) - retry later"
"ibolit","39000","Asus TUF H3 Wireless","","","1555","their site is down (database error) - retry later"
"ibolit","37800","Mouse ASUS ROG Strix Carry P508 90MP01B0-B0UA00","","","1556","their site is down (database error) - retry later"
"ibolit","36700","Asus ROG Strix Impact II P506","","","1557","their site is down (database error) - retry later"
"ibolit","33000","Asus ROG Strix Impact II Wireless","","","1558","their site is down (database error) - retry later"
"ibolit","32400","Asus ROG Gladius II Core P507","","","1559","their site is down (database error) - retry later"
"ibolit","32000","Asus TUF Gaming Combo K1 and M3 90MP02A0-BCRA","","","1560","their site is down (database error) - retry later"
"ibolit","29100","Mouse Asus ROG Keris P509 90MP01R0-B0UA00","","","1561","their site is down (database error) - retry later"
"ibolit","28000","Asus TUF Gaming K1","","","1562","their site is down (database error) - retry later"
"ibolit","24800","Mouse Pad ASUS NC01 ROG Sheath BLK 90MP00K3-B0UA00","","","1563","their site is down (database error) - retry later"
"ibolit","24000","Asus TUF Gaming P3 06","","","1564","their site is down (database error) - retry later"
"ibolit","19000","Asus TUF Gaming M3 Mouse P305 90MP01J0-B0UA00","","","1565","their site is down (database error) - retry later"
"ibolit","16000","Asus ROG RG-07 Performance Thermal Paste Kit","","","1566","their site is down (database error) - retry later"
"ibolit","3200","Asus ROG Keris P513","","","1567","their site is down (database error) - retry later"
"ibolit","132000","Bose SoundLink Revolve II Silver","","","1568","their site is down (database error) - retry later"
"ibolit","109900","Bose SoundLink Revolve+ II Silver","","","1569","their site is down (database error) - retry later"
"ibolit","109900","Bose SoundLink Revolve II Black","","","1570","their site is down (database error) - retry later"
"ibolit","109900","Bose QuietComfort Earbuds II Black","","","1571","their site is down (database error) - retry later"
"ibolit","99000","Bose SoundLink Revolve Gray","","","1572","their site is down (database error) - retry later"
"ibolit","82900","Bose Soundlink Mini II Silver","","","1573","their site is down (database error) - retry later"
"ibolit","79900","Bose SoundLink Flex White","","","1574","their site is down (database error) - retry later"
"ibolit","79900","Bose SoundLink Flex Black","","","1575","their site is down (database error) - retry later"
"ibolit","69900","Bose Sport Earbuds Blue","","","1576","their site is down (database error) - retry later"
"ibolit","69900","Bose Sport Earbuds Black","","","1577","their site is down (database error) - retry later"
"ibolit","799000","Dell XPS 16 9640","","","1578","their site is down (database error) - retry later"
"ibolit","509000","Dell Inspiron 16 Plus 7630","1024","","1579","their site is down (database error) - retry later"
"ibolit","383000","Dell Inspiron 7445","512","","1580","their site is down (database error) - retry later"
"ibolit","216000","Dell Vostro 3520 i5 8GB 512GB","512","","1581","their site is down (database error) - retry later"
"ibolit","169000","Dell Vostro 3520 i3 8GB 512GB","512","","1582","their site is down (database error) - retry later"
"ibolit","155000","Dell Vostro 3910","1024","","1583","their site is down (database error) - retry later"
"ibolit","11000","Dell AX510 2.0 Speaker","","","1584","their site is down (database error) - retry later"
"ibolit","545000","MSI Cyborg 15 A12VF 043US","512","","1598","their site is down (database error) - retry later"
"ibolit","445000","MSI Cyborg 15 A12 VF 043 US","512","","1599","their site is down (database error) - retry later"
"ibolit","539000","MSI Cyborg 15 A13VE-218US","512","","1600","their site is down (database error) - retry later"
"ibolit","456000","MSI Cyborg 15 A13UC-821XAE","512","","1601","their site is down (database error) - retry later"
"ibolit","305000","MSI Modern 15 B11M 006XGE","512","","1602","their site is down (database error) - retry later"
"ibolit","270000","MSI MODERN 15 B5M-008XGE","512","","1603","their site is down (database error) - retry later"
"ibolit","247000","MSI Modern 15 B5M 008XGE","512","","1604","their site is down (database error) - retry later"
"ibolit","220000","MSI Modern 15 A11MU 1006XGE","256","","1605","their site is down (database error) - retry later"
"ibolit","289900","Sony PlayStation VR2 Horizon","","","1606","their site is down (database error) - retry later"
"ibolit","229000","Sony PlayStation VR2","","","1607","their site is down (database error) - retry later"
"ibolit","1240000","Samsung Odyssey Ark 55” LS55CG97WNIXCI","","","1608","their site is down (database error) - retry later"
"ibolit","499000","Samsung Odyssey G8 OLED 34” S34BG850SU Smart TV","","","1609","their site is down (database error) - retry later"
"ibolit","438000","Samsung Galaxy Tab S9 Ultra 12GB 256GB X916 Graphite","256","","1610","their site is down (database error) - retry later"
"ibolit","438000","Samsung Galaxy Tab S9 Ultra 12GB 256GB X916 Beige","12","","1611","their site is down (database error) - retry later"
"ibolit","427000","Samsung Galaxy Tab S9 Ultra 12GB 256GB X910 Gray","256","","1612","their site is down (database error) - retry later"
"ibolit","372000","Samsung Galaxy Book 4 NP750XGK-KS2US","512","","1613","their site is down (database error) - retry later"
"ibolit","247000","Samsung Galaxy Tab S9 FE 8GB 256GB X516 Mint","256","","1614","their site is down (database error) - retry later"
"ibolit","246000","Samsung Galaxy Tab S9 FE 8GB 256GB X516 Silver","256","","1615","their site is down (database error) - retry later"
"ibolit","246000","Samsung Galaxy Tab S9 FE 8GB 256GB X516 Lavender","256","","1616","their site is down (database error) - retry later"
"ibolit","246000","Samsung Galaxy Tab S9 FE 8GB 256GB X516 Gray","256","","1617","their site is down (database error) - retry later"
"ibolit","209000","Samsung Galaxy Tab S9 FE 6GB 128GB X516 Silver","128","","1618","their site is down (database error) - retry later"
"ibolit","209000","Samsung Galaxy Tab S9 FE 6GB 128GB X516 Mint","128","","1619","their site is down (database error) - retry later"
"ibolit","209000","Samsung Galaxy Tab S9 FE 6GB 128GB X516 Lavender","128","","1620","their site is down (database error) - retry later"
"ibolit","209000","Samsung Galaxy Tab S9 FE 6GB 128GB X516 Gray","128","","1621","their site is down (database error) - retry later"
"ibolit","203000","Samsung Galaxy Tab S9 FE 8GB 256GB X510 Silver","256","","1622","their site is down (database error) - retry later"
"ibolit","203000","Samsung Galaxy Tab S9 FE 8GB 256GB X510 Mint","256","","1623","their site is down (database error) - retry later"
"ibolit","203000","Samsung Galaxy Tab S9 FE 8GB 256GB X510 Gray","256","","1624","their site is down (database error) - retry later"
"ibolit","165000","Samsung Galaxy Tab S9 FE 6GB 128GB X510 Mint","128","","1625","their site is down (database error) - retry later"
"ibolit","165000","Samsung Galaxy Tab S9 FE 6GB 128GB X510 Lavender","128","","1626","their site is down (database error) - retry later"
"ibolit","164000","Samsung Galaxy Tab S9 FE 6GB 128GB X510 Gray","128","","1627","their site is down (database error) - retry later"
"ibolit","109000","Samsung Galaxy Tab A9 Plus 128GB X210 Graphite","128","","1628","their site is down (database error) - retry later"
"ibolit","77000","Samsung Galaxy Tab A8 10.5 32GB X205 Gray","32","","1629","their site is down (database error) - retry later"
"ibolit","77000","Samsung Galaxy Tab A8 10.5 32GB X200 Gray","32","","1630","their site is down (database error) - retry later"
"ibolit","72000","Samsung Odyssey G3 24” S24AG304NR","","","1631","their site is down (database error) - retry later"
"ibolit","139900","Sony WF-1000XM5 Wireless Headphones Silver","","","1632","their site is down (database error) - retry later"
"ibolit","279000","Xiaomi Poco F6 Pro 16GB / 1TB Black","1024","","1633","their site is down (database error) - retry later"
"ibolit","279000","Xiaomi Poco F6 Pro 16GB / 1TB White","1024","","1634","their site is down (database error) - retry later"
"ibolit","236000","Xiaomi Poco F6 Pro 12GB / 512GB White","512","","1635","their site is down (database error) - retry later"
"ibolit","236000","Xiaomi Poco F6 Pro 12GB / 512GB Black","512","","1636","their site is down (database error) - retry later"
"ibolit","192000","Xiaomi Poco F6 12GB / 512GB Titanium","512","","1637","their site is down (database error) - retry later"
"ibolit","192000","Xiaomi Poco F6 12GB / 512GB Green","512","","1638","their site is down (database error) - retry later"
"ibolit","192000","Xiaomi Poco F6 12GB / 512GB Black","512","","1639","their site is down (database error) - retry later"
"ibolit","172000","Xiaomi Redmi Note 14 Pro+ 12GB / 512GB Lavender Purple","512","","1640","their site is down (database error) - retry later"
"ibolit","172000","Xiaomi Redmi Note 14 Pro+ 12GB / 512GB Frost Blue","512","","1641","their site is down (database error) - retry later"
"ibolit","161000","Xiaomi Redmi Note 14 Pro+ 8GB / 256GB Frost Blue","256","","1642","their site is down (database error) - retry later"
"ibolit","161000","Xiaomi Redmi Note 14 Pro+ 8GB / 256GB Lavender Purple","256","","1643","their site is down (database error) - retry later"
"ibolit","161000","Xiaomi Redmi Note 14 Pro+ 8GB / 256GB Midnight Black","256","","1644","their site is down (database error) - retry later"
"ibolit","117000","Xiaomi Poco X7 12GB / 512GB Silver","512","","1645","their site is down (database error) - retry later"
"ibolit","117000","Xiaomi Poco X7 12GB / 512GB Green","512","","1646","their site is down (database error) - retry later"
"ibolit","117000","Xiaomi Poco X7 12GB / 512GB Black","512","","1647","their site is down (database error) - retry later"
"ibolit","97000","Xiaomi Poco X5 5G 8GB / 256GB Green","256","","1648","their site is down (database error) - retry later"
"ibolit","97000","Xiaomi Poco X5 5G 8GB / 256GB Blue","256","","1649","their site is down (database error) - retry later"
"ibolit","40000","Xiaomi Redmi 10A 2GB / 32GB Chrome Silver","32","","1650","their site is down (database error) - retry later"
"ibolit","40000","Xiaomi Redmi 10A 2GB / 32GB Black","32","","1651","their site is down (database error) - retry later"
"ibolit","34400","Xiaomi Smart Mi Band 8 Pro Black","","","1652","their site is down (database error) - retry later"
"ibolit","32000","Xiaomi Mi Smart Kettle Pro MJHWSH02YM","","","1653","their site is down (database error) - retry later"
"ibolit","22600","Xiaomi Smart Speaker IR Control","","","1654","their site is down (database error) - retry later"
"ibolit","20000","Xiaomi Redmi Buds 5","","","1655","their site is down (database error) - retry later"
"ibolit","19900","Xiaomi Redmi Buds 5 White","","","1656","their site is down (database error) - retry later"
"ibolit","19900","Xiaomi Redmi Buds 5 Black","","","1657","their site is down (database error) - retry later"
"ibolit","19000","Xiaomi Mi Smart Band 9","","","1658","their site is down (database error) - retry later"
"ibolit","19000","Xiaomi Redmi Buds 4 Active","","","1659","their site is down (database error) - retry later"
"ibolit","17000","Xiaomi Smart Band 8 Active","","","1660","their site is down (database error) - retry later"
"ibolit","15000","Xiaomi Redmi Buds 4 BHR 5846 GL","","","1661","their site is down (database error) - retry later"
"ibolit","14900","Xiaomi Redmi Smart Band 2 White","","","1662","their site is down (database error) - retry later"
"ibolit","11400","Xiaomi Mi Smart Band 8 Active Pink","","","1663","their site is down (database error) - retry later"
"ibolit","11000","Xiaomi Redmi Buds 4 Lite","","","1664","their site is down (database error) - retry later"
"ibolit","3200","Xiaomi Mi Electric Kettle Pro 2 White","","","1665","their site is down (database error) - retry later"
"ibolit","539000","HONOR MAGICBOOK PRO 16” 3K.Core Ultra 5 125H/24GB Ram/1T/Win11","1024","","1666","their site is down (database error) - retry later"
"ibolit","895000","HP ENVY Desktop PC 7X9X5EA 32","1024","","1667","their site is down (database error) - retry later"
"ibolit","875000","HP Envy Desktop PC 7X9X5EA","1024","","1668","their site is down (database error) - retry later"
"ibolit","704000","HP Envy 16-h1023dx Touch 7Z0P3UA","1024","","1669","their site is down (database error) - retry later"
"ibolit","630000","HP Envy 16-h1053dx Touch 9U360UA","1024","","1670","their site is down (database error) - retry later"
"ibolit","455000","HP ProBook 450 G10 85C38EA","512","","1671","their site is down (database error) - retry later"
"ibolit","390000","HP Victus 15 FA0020NQ","512","","1672","their site is down (database error) - retry later"
"ibolit","390000","HP Victus 15 FA0018NQ","512","","1673","their site is down (database error) - retry later"
"ibolit","390000","HP ProBook 450 G9 7C196PA16","512","","1674","their site is down (database error) - retry later"
"ibolit","380000","HP ProBook 450 G9 7C196PA","512","","1675","their site is down (database error) - retry later"
"ibolit","363000","HP EliteBook 640 G10","512","","1676","their site is down (database error) - retry later"
"ibolit","330000","HP Victus 15-fa0033dx 9T9R8UA","512","","1677","their site is down (database error) - retry later"
"ibolit","330000","HP Victus 15-fa0033dx 9T9R8UA 16","512","","1678","their site is down (database error) - retry later"
"ibolit","19000","HP Envy Rechargeable Mouse 500","","","1679","their site is down (database error) - retry later"
"ibolit","299900","JBL PartyBox 710","","","1680","their site is down (database error) - retry later"
"ibolit","249990","JBL PartyBox 310","","","1681","their site is down (database error) - retry later"
"ibolit","249900","JBL Boombox 3 Wi-Fi Black","","","1682","their site is down (database error) - retry later"
"ibolit","187000","JBL Boombox 3 Black","","","1683","their site is down (database error) - retry later"
"ibolit","180000","JBL PartyBox 110","","","1684","their site is down (database error) - retry later"
"ibolit","179900","JBL Boombox 3 Squad","","","1685","their site is down (database error) - retry later"
"ibolit","142000","JBL Xtreme 4 Squad","","","1686","their site is down (database error) - retry later"
"ibolit","99900","JBL Xtreme 3 Camouflage","","","1687","their site is down (database error) - retry later"
"ibolit","99900","JBL Xtreme 3 Blue","","","1688","their site is down (database error) - retry later"
"ibolit","99900","JBL Xtreme 3 Black","","","1689","their site is down (database error) - retry later"
"ibolit","77000","JBL Live 770 NC White","","","1690","their site is down (database error) - retry later"
"ibolit","77000","JBL Live 770 NC Blue","","","1691","their site is down (database error) - retry later"
"ibolit","77000","JBL Live 770 NC Black","","","1692","their site is down (database error) - retry later"
"ibolit","73000","JBL Live Pro 2 TWC Rose","","","1693","their site is down (database error) - retry later"
"ibolit","73000","JBL Live Pro 2 TWC Blue","","","1694","their site is down (database error) - retry later"
"ibolit","65900","JBL Live Pro 2 TWC Silver","","","1695","their site is down (database error) - retry later"
"ibolit","73000","JBL Live Flex Silver","","","1696","their site is down (database error) - retry later"
"ibolit","73000","JBL Live Flex Rose","","","1697","their site is down (database error) - retry later"
"ibolit","73000","JBL Live Flex Black","","","1698","their site is down (database error) - retry later"
"ibolit","65900","JBL Live Pro 2 TWS Black","","","1699","their site is down (database error) - retry later"
"ibolit","59000","JBL Flip 6 Teal","","","1700","their site is down (database error) - retry later"
"ibolit","59000","JBL Flip 6 Pink","","","1701","their site is down (database error) - retry later"
"ibolit","59000","JBL Flip 6 Green","","","1702","their site is down (database error) - retry later"
"ibolit","59000","JBL Flip 6 Gray","","","1703","their site is down (database error) - retry later"
"ibolit","53900","JBL Flip 6 White","","","1704","their site is down (database error) - retry later"
"ibolit","59000","JBL Flip 6 Black Star","","","1705","their site is down (database error) - retry later"
"ibolit","55900","JBL Live 660 NC White","","","1706","their site is down (database error) - retry later"
"ibolit","53900","JBL Flip 6 Squared","","","1707","their site is down (database error) - retry later"
"ibolit","49900","JBL Tune 215 TWS White","","","1708","their site is down (database error) - retry later"
"ibolit","49000","JBL Tune 215 TWS Green","","","1709","their site is down (database error) - retry later"
"ibolit","49900","JBL Tune 125 TWS White","","","1710","their site is down (database error) - retry later"
"ibolit","49900","JBL Tune 125 TWS Blue","","","1711","their site is down (database error) - retry later"
"ibolit","44900","JBL Tune Flex White","","","1712","their site is down (database error) - retry later"
"ibolit","39900","JBL Tune 670 NC Blue","","","1713","their site is down (database error) - retry later"
"ibolit","39900","JBL Tune 670 NC Black","","","1714","their site is down (database error) - retry later"
"ibolit","39900","JBL Tune 230 TWS Beige","","","1715","their site is down (database error) - retry later"
"ibolit","39900","JBL Live 460 NC","","","1716","their site is down (database error) - retry later"
"ibolit","37900","JBL Tune Buds Purple","","","1717","their site is down (database error) - retry later"
"ibolit","37900","JBL Tune Buds Ghost White","","","1718","their site is down (database error) - retry later"
"ibolit","37900","JBL Tune Buds Ghost Black","","","1719","their site is down (database error) - retry later"
"ibolit","37900","JBL Tune 760 NC Blush","","","1720","their site is down (database error) - retry later"
"ibolit","37900","JBL Tune 760 NC Black","","","1721","their site is down (database error) - retry later"
"ibolit","35900","JBL Tune Beam White","","","1722","their site is down (database error) - retry later"
"ibolit","35900","JBL Tune Beam Purple","","","1723","their site is down (database error) - retry later"
"ibolit","33000","JBL Tune 230 NC TWS","","","1724","their site is down (database error) - retry later"
"ibolit","29900","JBL Tune 130 TWS White","","","1725","their site is down (database error) - retry later"
"ibolit","28900","JBL Tune 720 BT Purple","","","1726","their site is down (database error) - retry later"
"ibolit","28900","JBL Tune 720 BT Black","","","1727","their site is down (database error) - retry later"
"ibolit","27900","JBL Wave Buds White","","","1728","their site is down (database error) - retry later"
"ibolit","27900","JBL Wave Buds Black","","","1729","their site is down (database error) - retry later"
"ibolit","27000","JBL Tune 520 BT","","","1730","their site is down (database error) - retry later"
"ibolit","19900","JBL Tune 520BT Purple","","","1731","their site is down (database error) - retry later"
"ibolit","19900","JBL Tune 520 BT White","","","1732","their site is down (database error) - retry later"
"ibolit","19900","JBL Tune 520 BT Blue","","","1733","their site is down (database error) - retry later"
"ibolit","19900","JBL Tune 520 BT Black","","","1734","their site is down (database error) - retry later"
"ibolit","26900","JBL Quantum 300 Black","","","1735","their site is down (database error) - retry later"
"ibolit","26900","JBL Quantum 200 Wired Black","","","1736","their site is down (database error) - retry later"
"ibolit","21900","JBL Clip 4 White","","","1737","their site is down (database error) - retry later"
"ibolit","21900","JBL Clip 4 Teal","","","1738","their site is down (database error) - retry later"
"ibolit","21900","JBL Clip 4 Red","","","1739","their site is down (database error) - retry later"
"ibolit","21900","JBL Clip 4 Pink","","","1740","their site is down (database error) - retry later"
"ibolit","21900","JBL Clip 4 Orange","","","1741","their site is down (database error) - retry later"
"ibolit","21900","JBL Clip 4 Green","","","1742","their site is down (database error) - retry later"
"ibolit","21900","JBL Clip 4 Blue","","","1743","their site is down (database error) - retry later"
"ibolit","21900","JBL Clip 4 Black","","","1744","their site is down (database error) - retry later"
"ibolit","21900","JBL Clip 4 Squad","","","1745","their site is down (database error) - retry later"
"ibolit","16000","JBL Go 3 White","","","1746","their site is down (database error) - retry later"
"ibolit","16000","JBL Go 3 Teal","","","1747","their site is down (database error) - retry later"
"ibolit","16000","JBL Go 3 Red","","","1748","their site is down (database error) - retry later"
"ibolit","16000","JBL Go 3 Blue","","","1749","their site is down (database error) - retry later"
"ibolit","16000","JBL Go 3 Squad","","","1750","their site is down (database error) - retry later"
"ibolit","11900","JBL Tune 500 Wired Pink","","","1751","their site is down (database error) - retry later"
"ibolit","11900","JBL Tune 500 Wired Black","","","1752","their site is down (database error) - retry later"
"ibolit","1165000","Lenovo Yoga Pro 9 16IMH9 83DN002RRK Mini LED","1024","","1753","their site is down (database error) - retry later"
"ibolit","1099000","Lenovo Yoga Pro 9 16IMH9","1024","","1754","their site is down (database error) - retry later"
"ibolit","755000","Lenovo Legion 5 Pro 16 IRX9","1024","","1755","their site is down (database error) - retry later"
"ibolit","680000","Lenovo Legion Pro 5 Slim","512","","1756","their site is down (database error) - retry later"
"ibolit","655000","Lenovo ThinkPad T16 Gen 2 21HH005AGQ","512","","1757","their site is down (database error) - retry later"
"ibolit","599000","Lenovo Legion Slim 5 14 APH8 OLED 82Y5000AUS","1024","","1758","their site is down (database error) - retry later"
"ibolit","548000","Lenovo Yoga Pro 7 14 AHP9 83E3002ARK","1024","","1759","their site is down (database error) - retry later"
"ibolit","520000","Lenovo ThinkPad E16 Gen 2 21MA002XRT","1024","","1760","their site is down (database error) - retry later"
"ibolit","475000","Lenovo LOQ 15 ARP9 83JC0000US","512","","1761","their site is down (database error) - retry later"
"ibolit","467000","Lenovo ThinkPad E16 Gen 2 21MA004VRT","512","","1762","their site is down (database error) - retry later"
"ibolit","451000","Lenovo ThinkPad E16 Gen 1 21JN001QGP16","512","","1763","their site is down (database error) - retry later"
"ibolit","439000","Lenovo ThinkPad E16 Gen 1 21JN001QGP","512","","1764","their site is down (database error) - retry later"
"ibolit","399000","Lenovo LOQ Tower 17 IRR9 90X0002MGH","512","","1765","their site is down (database error) - retry later"
"ibolit","189000","Marshall Woburn III Cream","","","1766","their site is down (database error) - retry later"
"ibolit","189000","Marshall Woburn III Black","","","1767","their site is down (database error) - retry later"
"ibolit","109000","Marshall Acton III Cream","","","1768","their site is down (database error) - retry later"
"ibolit","109000","Marshall Acton III Brown","","","1769","their site is down (database error) - retry later"
"ibolit","109000","Marshall Acton III Black","","","1770","their site is down (database error) - retry later"
"ibolit","77000","Marshall Emberton Green","","","1771","their site is down (database error) - retry later"
"ibolit","295000","Dyson V12 Detect Slim Cordless Vacuum Cleaner","","","1772","their site is down (database error) - retry later"
"ibolit","272000","Dyson Airwrap™ multi-styler Complete Long HS05 Onyx Gold","","","1773","their site is down (database error) - retry later"
"ibolit","256000","Dyson Airwrap™ multi-styler Complete Long HS05 Blue / Blush","","","1774","their site is down (database error) - retry later"
"ibolit","272000","Dyson Airwrap™ multi-styler Complete Long HS05 Strawberry Bronze / Pink","","","1775","their site is down (database error) - retry later"
"ibolit","269000","Dyson Airwrap™ multi-styler Complete Long HS05 Prussian Blue / Topaz","","","1776","their site is down (database error) - retry later"
"ibolit","258000","Dyson Airwrap™ multi-styler Complete Long HS05 Prussian Blue / Rich Copper","","","1777","their site is down (database error) - retry later"
"ibolit","256000","Dyson Airwrap™ multi-styler Complete Long HS05 Fuchisa / Nickel","","","1778","their site is down (database error) - retry later"
"ibolit","254000","Dyson Airwrap HS08 Red Velvet / Gold","","","1779","their site is down (database error) - retry later"
"ibolit","246000","Dyson Supersonic™ Nural HD16 Strawberry Bronze / Blush Pink","","","1780","their site is down (database error) - retry later"
"ibolit","233000","Dyson Airwrap HS08 Strawberry Bronze / Pink","","","1781","their site is down (database error) - retry later"
"ibolit","203000","Dyson Supersonic™ Hair Dryer HD15 Nickel / Copper","","","1782","their site is down (database error) - retry later"
"ibolit","196000","Dyson Airwrap™ Origin HS05 Nickel / Copper","","","1783","their site is down (database error) - retry later"
"ibolit","195000","Dyson Airwrap HS08 Vinca Blue / Topaz","","","1784","their site is down (database error) - retry later"
"ibolit","189000","Dyson Airstrait™ Straightener HT01 Nicel / Copper","","","1785","their site is down (database error) - retry later"
"ibolit","168000","Dyson Airstrait™ Straightener HT01 Ceramic Pink","","","1786","their site is down (database error) - retry later"
"ucom","544900","Samsung Galaxy Z Flip 8 256GB Pink","256","Pink","2078","crawlable - queued"
"ucom","544900","Samsung Galaxy Z Flip 8 256GB Graphite","256","Graphite","2079","crawlable - queued"
"ucom","544900","Samsung Galaxy Z Flip 8 256GB Cream","256","Cream","2080","crawlable - queued"
"ucom","639900","Samsung Galaxy Z Flip 8 512GB Graphite","512","Graphite","2081","crawlable - queued"
"ucom","639900","Samsung Galaxy Z Flip 8 512GB Cream","512","Cream","2082","crawlable - queued"
