Shop,Product,Category,Capacities we hold,Colours we hold,Price we hold,Price max,What the shop called it,CHECKED price,CHECKED per-capacity prices,CHECKED colours,Notes
eldorado,"AOC 49"" LCD AG493UCX",monitor,,,"469,900",,"Խաղային մոնիտոր AOC 49"" LCD AG493UCX",,,,
eldorado,ASUS Expert Center P400 AiO P4 40VA,desktop,,,"329,900",,Համակարգիչ բոլորը մեկում ASUS Expert Center P400 AiO P4 40VA (P440VAK-BPC 6670),,,,
eldorado,ASUS Expert Center P400 AiO P4 70VA,desktop,,,"455,900","459,900",Համակարգիչ բոլորը մեկում ASUS Expert Center P400 AiO P4 70VA (P470VAK-BPE2 820),,,,
eldorado,ASUS VA249HG,monitor,,,"55,900",,Մոնիտոր ASUS VA249HG (90LM02W0-B01171),,,,
eldorado,ASUS VA27DQSB-W,monitor,,,"119,900",,Մոնիտոր ASUS VA27DQSB-W (90LM06H4-B02370),,,,
eldorado,ASUS VG249Q3A 90LM09B0-B01170,monitor,,,"99,000",,Մոնիտոր Asus VG249Q3A 90LM09B0-B01170,,,,
eldorado,ASUS VG32AQA1A 90LM07L0-B02370,monitor,,,"189,900",,ASUS VG32AQA1A 90LM07L0-B02370 Մոնիտոր,,,,
eldorado,ASUS VU279HFI-W,monitor,,,"99,900",,Մոնիտոր ASUS VU279HFI-W (90LM09IT-B01K70),,,,
eldorado,ASUS VZ24EHF-W,monitor,,,"59,900",,Մոնիտոր ASUS VZ24EHF-W (90LM07C2-B01470),,,,
eldorado,ASUS VZ27EHF 90LM07B0-B01470,monitor,,,"69,900",,ASUS VZ27EHF 90LM07B0-B01470 Մոնիտոր,,,,
eldorado,ASUS VZ27EHF-W 90LM07B0-B02470,monitor,,,"69,900",,Մոնիտոր Asus VZ27EHF-W 90LM07B0-B02470,,,,
eldorado,Beats Solo Buds True Wireless,headphones,,,"35,900",,Ականջակալ Beats Solo Buds True Wireless (A3151 A3150 A3152),,,,
eldorado,Beats Solo4 OnEar,headphones,,,"89,900",,Անլար ականջակալ Beats Solo4 OnEar (A3140),,,,
eldorado,Beats Studio Pro Wireless,headphones,,,"139,900",,Ականջակալ Beats Studio Pro Wireless (A2924),,,,
eldorado,Beats Studio Pro Wireless Model,headphones,,,"139,900",,Ականջակալ Beats Studio Pro Wireless Model (A2924),,,,
eldorado,Bose SoundSport Free,headphones,,,"99,900",,Անլար Ականջակալ Bose SoundSport Free Black,,,,
eldorado,Bose SoundSport Free Bright,headphones,,,"99,900",,Անլար Ականջակալ Bose SoundSport Free Bright Orange,,,,
eldorado,Dell 27'' E2723H,monitor,,,"98,900",,Մոնիտոր Dell 27'' E2723H,,,,
eldorado,Dyson Zone Absolute+,headphones,,,"349,900",,Անլար ականջակալ օդի ֆիլտրով Dyson Zone Absolute+ (Prussian Blue/Bright Copper),,,,
eldorado,Honor Choice Clip MAK-ME01,headphones,,,"25,900",,Անլար ականջակալ Honor Choice Earbuds Clip MAK-ME01 (5504ADMX) black,,,,
eldorado,HP PC Maokong24I1C23,desktop,,,"309,900",,Համակարգիչ բոլորը մեկում HP All-in-One Desktop PC Maokong24I1C23,,,,
eldorado,"Lenovo IdeaCentre AIO 23. 8"" 24IRH 9",desktop,,,"429,900","475,900","Համակարգիչ բոլորը մեկում Lenovo IdeaCentre AIO 23. 8"" 24IRH 9 (F0HN00SSRU)",,,,
eldorado,"Lenovo IdeaCentre AIO 27IRH 9 27""",desktop,,,"459,900",,"Համակարգիչ բոլորը մեկում Lenovo IdeaCentre AIO 27IRH 9 (F0HM00VKRU) 27""",,,,
eldorado,LG 24G411A-B,monitor,,,"69,900",,Մոնիտոր LG 24G411A-B,,,,
eldorado,LG 24GS50F-B,monitor,,,"89,900",,Մոնիտոր LG 24GS50F-B,,,,
eldorado,LG 27GS50F-B,monitor,,,"91,900",,Մոնիտոր LG 27GS50F-B,,,,
eldorado,LG 27U421A-B,monitor,,,"79,900",,Մոնիտոր LG 27U421A-B,,,,
eldorado,LG 27U511SA-W,monitor,,,"129,900",,Մոնիտոր LG 27U511SA-W,,,,
eldorado,LG 29U531A-W,monitor,,,"119,900",,Մոնիտոր LG 29U531A-W,,,,
eldorado,LG 32UR500K-B,monitor,,,"168,900",,Մոնիտոր LG 32UR500K-B,,,,
eldorado,LG 34GP63A-B,monitor,,,"239,900",,Խաղային մոնիտոր LG 34GP63A-B,,,,
eldorado,LG 43NANO80A6B,tv,,,"219,900",,Սմարթ հեռուստացույց LG 43NANO80A6B,,,,
eldorado,LG 43NU850B6LA,tv,,,"178,900",,Սմարթ հեռուստացույց LG 43NU850B6LA,,,,
eldorado,LG 43QNED70B6C,tv,,,"215,900",,Սմարթ հեռուստացույց LG 43QNED70B6C,,,,
eldorado,LG 43UA75009LA,tv,,,"177,900",,Սմարթ հեռուստացույց LG (43UA75009LA),,,,
eldorado,LG 50NU850B6LA,tv,,,"247,900",,Սմարթ հեռուստացույց LG 50NU850B6LA,,,,
eldorado,LG 50QNED70B6C,tv,,,"278,900",,Սմարթ հեռուստացույց LG 50QNED70B6C,,,,
eldorado,LG 50QNED80A6A,tv,,,"289,900",,Սմարթ հեռուստացույց LG 50QNED80A6A,,,,
eldorado,LG 55NU850B6LA,tv,,,"287,900",,Սմարթ հեռուստացույց LG 55NU850B6LA,,,,
eldorado,LG 55QNED70A6A,tv,,,"298,900",,Սմարթ հեռուստացույց LG 55QNED70A6A,,,,
eldorado,LG 55QNED80A6A,tv,,,"359,900",,Սմարթ հեռուստացույց LG 55QNED80A6A,,,,
eldorado,LG 55QNED80B6B,tv,,,"372,900",,Սմարթ հեռուստացույց LG 55QNED80B6B,,,,
eldorado,LG 55QNED80T6A,tv,,,"449,100",,Հեռուստացույց LG 55QNED80T6A Smart,,,,
eldorado,LG 55QNED82A6B,tv,,,"399,900",,Սմարթ հեռուստացույց LG 55QNED82A6B,,,,
eldorado,LG 55QNED86A6A,tv,,,"566,900",,Սմարթ հեռուստացույց LG 55QNED86A6A,,,,
eldorado,LG 55QNED86T6A,tv,,,"429,900",,Հեռուստացույց LG 55QNED86T6A Smart,,,,
eldorado,LG 65NU850B6LA,tv,,,"367,900",,Սմարթ հեռուստացույց LG 65NU850B6LA,,,,
eldorado,LG 65QNED70A6A,tv,,,"339,900",,Սմարթ հեռուստացույց LG 65QNED70A6A,,,,
eldorado,LG 65QNED80A6A,tv,,,"611,900",,Սմարթ հեռուստացույց LG 65QNED80A6A,,,,
eldorado,LG 65QNED80B6B,tv,,,"494,900",,Սմարթ հեռուստացույց LG 65QNED80B6B,,,,
eldorado,LG 65QNED86T6A,tv,,,"549,900",,Հեռուստացույց LG 65QNED86T6A Smart,,,,
eldorado,LG 65UA75009LA,tv,,,"329,900",,Սմարթ հեռուստացույց LG 65UA75009LA,,,,
eldorado,LG 75NU850B6LA,tv,,,"469,900",,Սմարթ հեռուստացույց LG 75NU850B6LA,,,,
eldorado,LG 75QNED70B6A,tv,,,"569,900",,Սմարթ հեռուստացույց LG 75QNED70B6A,,,,
eldorado,LG 75QNED85B6B,tv,,,"1,097,900",,Սմարթ հեռուստացույց LG 75QNED85B6B,,,,
eldorado,LG 75QNED86A6A,tv,,,"1,079,900",,Սմարթ հեռուստացույց LG 75QNED86A6A,,,,
eldorado,LG 85QNED70B6A,tv,,,"773,900",,Սմարթ հեռուստացույց LG 85QNED70B6A,,,,
eldorado,LG OLED55C6RLA,tv,,,"1,016,900",,Սմարթ հեռուստացույց LG OLED55C6RLA,,,,
eldorado,LG OLED65B5RLA,tv,,,"899,900",,Սմարթ հեռուստացույց LG OLED65B5RLA,,,,
eldorado,LG OLED65C5RLA,tv,,,"1,249,900",,Սմարթ հեռուստացույց LG OLED65C5RLA,,,,
eldorado,LG OLED65G5RLA,tv,,,"1,399,900",,Սմարթ հեռուստացույց LG OLED65G5RLA,,,,
eldorado,LG OLED83C4RLA,tv,,,"2,549,900",,Հեռուստացույց LG OLED83C4RLA Smart,,,,
eldorado,Nothing Ear Open B182,headphones,,,"89,900",,Nothing Ear Open B182 սպիտակ անլար ականջակալ,,,,
eldorado,"Philips 24"" USB-C 24E1N3300A/00",monitor,,,"82,900",,"Մոնիտոր Philips 24"" USB-C 24E1N3300A/00",,,,
eldorado,Samsung 27D300GAU,monitor,,,"59,900",,Մոնիտոր Samsung 27D300GAU Black,,,,
eldorado,"Samsung EO-IC100, USB Type-C",headphones,,,"9,900",,Ականջակալ Samsung EO-IC100  USB Type-C White,,,,
eldorado,Samsung LS24D304GAU,monitor,,,"46,900",,Մոնիտոր Samsung LS24D304GAU,,,,
eldorado,Samsung LS27BG400EUXEN,monitor,,,"99,900",,Մոնիտոր Samsung LS27BG400EUXEN,,,,
eldorado,Samsung LS27BG650EU,monitor,,,"209,900",,Մոնիտոր Samsung LS27BG650EU,,,,
eldorado,Samsung LS27DG300EU,monitor,,,"85,900",,Մոնիտոր Samsung LS27DG300EU,,,,
eldorado,Samsung LS32CG554EU,monitor,,,"129,900",,Մոնիտոր Samsung LS32CG554EU,,,,
eldorado,Samsung LS32D700EAU,monitor,,,"149,900",,Մոնիտոր Samsung LS32D700EAU,,,,
eldorado,Samsung LS32FM700UU,monitor,,,"199,900",,Մոնիտոր Samsung LS32FM700UU,,,,
eldorado,Samsung LS34C500GAU,monitor,,,"149,900",,Մոնիտոր Samsung LS34C500GAU,,,,
eldorado,Samsung Odyssey G4 LS25BG400EIXCI,monitor,,,"89,900",,Մոնիտոր Samsung Odyssey G4 LS25BG400EIXCI,,,,
eldorado,Samsung Odyssey G5 S32CG552EU,monitor,,,"149,900",,Մոնիտոր Samsung Odyssey G5 S32CG552EU,,,,
eldorado,Samsung QE43Q60BA,tv,,,"199,900",,"Սմարթ հեռուստացույց Samsung 43"" QE43Q60BA 4K UHD QLED",,,,
eldorado,Samsung QE43Q7FAAUXRU,tv,,,"223,900",,Սմարթ հեռուստացույց Samsung QE43Q7FAAUXRU,,,,
eldorado,Samsung QE50Q7FAAUXRU,tv,,,"298,900",,Սմարթ հեռուստացույց Samsung QE50Q7FAAUXRU,,,,
eldorado,Samsung QE55Q60ABUXRU,tv,,,"479,900",,հեռուստացույց Samsung 55'' QLED 4K Q60AB Smart (QE55Q60ABUXRU),,,,
eldorado,Samsung QE55Q7FAAUXRU,tv,,,"352,900",,Սմարթ հեռուստացույց Samsung QE55Q7FAAUXRU,,,,
eldorado,Samsung QE55Q7FAM,tv,,,"4,894,000",,Հայելի հեռուստացույցով Samsung QE55Q7FAM,,,,
eldorado,Samsung QE55S95CAUXRU,tv,,,"697,900",,"հեռուստացույց Samsung 55""QE55S95CAUXRU Smart",,,,
eldorado,Samsung QE65QN85DBUXRU,tv,,,"718,900",,հեռուստացույց Samsung QE65QN85DBUXRU Smart,,,,
eldorado,Samsung QE65QN90FAUXRU,tv,,,"1,307,900",,Սմարթ հեռուստացույց Samsung QE65QN90FAUXRU,,,,
eldorado,Samsung QE65S90DAUXRU,tv,,,"1,199,000",,հեռուստացույց Samsung QE65S90DAUXRU Smart,,,,
eldorado,Samsung QE75Q60DAUXRU,tv,,,"689,900",,Սմարթ հեռուստացույց Samsung QE75Q60DAUXRU,,,,
eldorado,Samsung QE75Q70DAUXRU,tv,,,"849,900",,Հեռուստացույց Samsung QE75Q70DAUXRU,,,,
eldorado,Samsung QE75QN70FAUXRU,tv,,,"690,000",,Սմարթ հեռուստացույց Samsung QE75QN70FAUXRU,,,,
eldorado,Samsung QE75QN90CAUXRU,tv,,,"1,184,900",,"Սմարթ հեռուստացույց Samsung QE75QN90CAUXRU 75"" Neo QLED 4K",,,,
eldorado,Samsung QE77S95FAUXRU,tv,,,"1,710,000",,Սմարթ հեռուստացույց Samsung QE77S95FAUXRU,,,,
eldorado,Samsung QE85Q60DAUXRU,tv,,,"1,319,000",,հեռուստացույց Samsung QE85Q60DAUXRU Smart,,,,
eldorado,Samsung S27D402G,monitor,,,"205,900",,Մոնիտոր Samsung S27D402G Black,,,,
eldorado,Samsung UE55DU8000UXRU,tv,,,"359,000",,հեռուստացույց Samsung UE55DU8000UXRU Smart,,,,
eldorado,Samsung UE55U8000FUXRU,tv,,,"192,000",,Սմարթ հեռուստացույց Samsung UE55U8000FUXRU,,,,
eldorado,Samsung UE65U8000FUXRU,tv,,,"247,000",,Սմարթ հեռուստացույց Samsung UE65U8000FUXRU,,,,
eldorado,Samsung UE75M80HAUXPY,tv,,,"629,000",,Սմարթ հեռուստացույց Samsung UE75M80HAUXPY,,,,
eldorado,Sennheiser Accentum ACAEBT,headphones,,,"89,900",,Անլար ականջակալ Sennheiser Accentum ACAEBT սպիտակ,,,,
eldorado,Sennheiser Accentum Plus,headphones,,,"119,900",,Անլար ականջակալ Sennheiser Accentum Plus (ACPAEBT) սև,,,,
eldorado,Sennheiser Accentum True Special Edition ATW1 SE,headphones,,,"99,900",,Ականջակալ Sennheiser Accentum True Special Edition ATW1 SE կապույտ,,,,
eldorado,Sennheiser Accentum True Wireless ATW1,headphones,,,"99,900",,Ականջակալ Sennheiser Accentum True Wireless ATW1 սպիտակ,,,,
eldorado,Sennheiser Accentum Wireless ACAEBT,headphones,,,"89,900",,Անլար ականջակալ Sennheiser Accentum Wireless ACAEBT սև,,,,
eldorado,Sennheiser HD 450BT,headphones,,,"69,900",,Անլար ականջակալ Sennheiser HD 450BT Black,,,,
eldorado,Sennheiser HD 599,headphones,,,"95,900",,Ականջակալ Sennheiser HD 599,,,,
eldorado,Sennheiser HD 620S,headphones,,,"159,900",,Sennheiser HD 620S Ականջակալ,,,,
eldorado,Sennheiser Momentum M4AEBT,headphones,,,"169,900",,Անլար ականջակալ Sennheiser Momentum M4AEBT սև,,,,
eldorado,Sennheiser Momentum Sport MSPORT1,headphones,,,"159,900",,Ականջակալ Sennheiser Momentum Sport MSPORT1 Olive,,,,
eldorado,Sennheiser RS 195,headphones,,,"159,900",,Sennheiser RS 195 Black Ականջակալ,,,,
eldorado,Sony Playstation Pulse Elite wireless PS5,headphones,,,"79,900",,Անլար ականջակալ Sony Playstation Pulse Elite wireless PS5,,,,
eldorado,Sony WF-C500 True Wireless,headphones,,,"37,900",,Sony WF-C500 True Wireless (YY2952) անլար ականջակալ նարնջագույն,,,,
eldorado,Sony WHULT900N,headphones,,,"89,900",,Sony WHULT900N White Անլար ականջակալ,,,,
eldorado,TCL 115C7K,tv,,,"6,398,900",,Սմարթ հեռուստացույց TCL 115C7K,,,,
eldorado,TCL 43P7K,tv,,,"179,900",,Սմարթ հեռուստացույց TCL 43P7K,,,,
eldorado,TCL 43V6C,tv,,,"149,900",,Սմարթ հեռուստացույց TCL 43V6C,,,,
eldorado,TCL 50C6K,tv,,,"309,900",,Սմարթ հեռուստացույց TCL 50C6K,,,,
eldorado,TCL 50P7L,tv,,,"275,900",,Սմարթ հեռուստացույց TCL 50P7L,,,,
eldorado,TCL 50V6C,tv,,,"209,900",,Սմարթ հեռուստացույց TCL 50V6C,,,,
eldorado,TCL 55C7K,tv,,,"439,900",,Սմարթ հեռուստացույց TCL 55C7K,,,,
eldorado,TCL 55P7K,tv,,,"279,900",,Սմարթ հեռուստացույց TCL 55P7K,,,,
eldorado,TCL 55P8L,tv,,,"299,800",,Սմարթ հեռուստացույց TCL 55P8L,,,,
eldorado,TCL 65C7L,tv,,,"639,900",,Սմարթ հեռուստացույց TCL 65C7L,,,,
eldorado,TCL 65P8K,tv,,,"279,900",,Սմարթ հեռուստացույց TCL 65P8K,,,,
eldorado,TCL 65P8L,tv,,,"381,700",,Սմարթ հեռուստացույց TCL 65P8L,,,,
eldorado,TCL 65T6D,tv,,,"409,900",,Սմարթ հեռուստացույց TCL 65T6D,,,,
eldorado,TCL 75C6K,tv,,,"729,900",,Սմարթ հեռուստացույց TCL 75C6K,,,,
eldorado,TCL 75C7K,tv,,,"779,900",,Սմարթ հեռուստացույց TCL 75C7K,,,,
eldorado,TCL 75T6D,tv,,,"519,900",,Սմարթ հեռուստացույց TCL 75T6D,,,,
eldorado,TCL 75V6D,tv,,,"459,900",,Սմարթ հեռուստացույց TCL 75V6D,,,,
eldorado,TCL 85P7L,tv,,,"699,900",,Սմարթ հեռուստացույց TCL 85P7L,,,,
eldorado,TCL 85P8L,tv,,,"695,900",,Սմարթ հեռուստացույց TCL 85P8L,,,,
eldorado,TCL 98C6K,tv,,,"1,499,000",,Սմարթ հեռուստացույց TCL 98C6K,,,,
eldorado,TCL 98P8K,tv,,,"1,199,000",,Սմարթ հեռուստացույց TCL 98P8K,,,,
eldorado,Xiaomi Redmi Buds 8 Active,headphones,,White / Black,"10,900",,Անլար ականջակալ Redmi Buds 8 Active (Black) (M2537E1) BHR08JTGL,,,,
ibolit,Apple iPad Air 5 Wi-Fi + Cellular 2022,tablet,64GB,,"365,000",,iPad Air 5 64GB Wi-Fi + Cellular 2022 Space Gray,,,,
ibolit,Apple iPad Pro 13 M4 Wi-Fi + Cellular 2024,tablet,256GB,,"598,000",,iPad Pro 13 256GB M4 Wi-Fi + Cellular 2024 Space Grey,,,,
ibolit,Apple iPad Pro 13 Wi-Fi + Cellular 2024,tablet,512GB,,"715,000",,iPad Pro 13 512GB Wi-Fi + Cellular 2024 Silver,,,,
ibolit,Xiaomi Mi Electric Kettle Pro 2,appliance,,,"3,200",,Xiaomi Mi Electric Kettle Pro 2 White,,,,
istyle,Apple iMac 24-inch M3 8RAM /2023,desktop,,,"879,000",,iMac 24-inch M3 8RAM /2023/,,,,
istyle,Apple iPad 10 A16 Wi-Fi /2025,tablet,,,"215,000",,iPad 10 A16 Wi-Fi /2025/,,,,
istyle,Apple iPad Mini 7 WiFi,tablet,,,"223,000",,iPad Mini 7 WiFi,,,,
istyle,Apple MacBook Air M5 13. RAM,laptop,,,"779,000",,MacBook Air M5 13.6/24 RAM,,,,
istyle,Apple MacBook Air M5 RAM,laptop,16GB / 24GB,,"579,000","859,000",MacBook Air M5 13/16GB RAM | MacBook Air M5 15/24GB RAM,,,,
istyle,Dyson AirStarit,appliance,,,"157,000","175,000",Dyson AirStarit (HT01) Amber Silk,,,,
istyle,Dyson AirStarit 2026,appliance,,,"175,000",,Dyson AirStarit (HT01) Orange 2026,,,,
istyle,Dyson AirStarit Kanzan,appliance,,,"162,000",,Dyson AirStarit (HT01) Kanzan Pink,,,,
istyle,Dyson AirStarit Plum,appliance,,,"165,000",,Dyson AirStarit (HT01) Jasper Plum,,,,
istyle,Dyson Supersonic Nural hair dryer,appliance,,,"229,000",,Dyson Supersonic Nural™ hair dryer,,,,
istyle,Dyson Supersonic r DH17,appliance,,,"229,000",,Dyson Supersonic r™ DH17,,,,
istyle,JBL PartyBox Club 120,speaker,,,"184,000",,JBL PartyBox Club 120,,,,
istyle,Marshall Acton 3,speaker,,,"125,000",,Marshall Acton 3,,,,
istyle,Marshall Woburn 3,speaker,,,"219,000",,Marshall Woburn 3,,,,
pixel,Dyson HD16 Supersonic Nural Red Velvet,appliance,,,"279,000",,Dyson HD16 Supersonic™ Nural Red Velvet,,,,
pixel,Dyson HD16 Supersonic Vinca Blue/Topaz,appliance,,,"215,000",,Dyson HD16 Supersonic™ Vinca Blue/Topaz,,,,
pixel,Dyson HS08 Airwrap ID Multi- Jasper Plum,appliance,,,"269,000",,Dyson HS08 Airwrap™ ID Multi-Styler Jasper Plum,,,,
pixel,Dyson HS08 Airwrap ID Multi- Red Velvet/Gold,appliance,,,"299,000",,Dyson HS08 Airwrap™ ID Multi-Styler Red Velvet/Gold,,,,
pixel,Dyson Supersonic HD07,appliance,,Iron Fuchsia,"192,000",,Dyson Supersonic Hair Dryer HD07 (Iron Fuchsia),,,,
pixel,Google Pixel 9,phone,,,"285,000",,Google Pixel 9,,,,
pixel,Google Pixel 9 Pro,phone,,,"375,000",,Google Pixel 9 Pro,,,,
pixel,Google Pixel 9 Pro XL,phone,,,"389,000",,Google Pixel 9 Pro XL,,,,
pixel,Samsung Galaxy Watch FE,watch,,,"62,000",,Samsung Galaxy Watch FE,,,,
pixel,Samsung Galaxy Watch Ultra 2024,watch,47mm,,"159,000",,Samsung Galaxy Watch Ultra 47mm 2024 (Սպիտակ Տիտան),,,,
pixel,Samsung Galaxy Watch Ultra 2025,watch,47mm,,"159,000",,Samsung Galaxy Watch Ultra 47mm 2025 (Մոխրագույն Տիտան),,,,
pixel,Sony PS5 BackBone,console,,,"55,000",,Sony PS5 BackBone,,,,
pixel,Sony PS5 Driving Force Hori Racing Wheel,console,,,"78,000",,Sony PS5 Driving Force Hori Racing Wheel,,,,
pixel,Sony PS5 HD Camera,console,,,"28,000",,Sony PS5 HD Camera (Սպիտակ),,,,
pixel,Sony PS5 PULSE Explore Wireless,earbuds,,,"99,000",,Sony PS5 PULSE Explore Wireless Earbuds (Սպիտակ),,,,
pixel,Sony PS5 VR 2,console,,,"229,000",,Sony PS5 VR 2,,,,
zigzag,Apple HomePod Mini /MJ2E3LL/A*,speaker,,,"72,900",,Apple HomePod Mini Yellow /MJ2E3LL/A*,,,,
zigzag,Apple iPad Pro 12.9 M2 Cell SpaceGray/MP5X3*,tablet,128GB,,"537,400",,Apple iPad Pro 12.9 M2 128GB Cell SpaceGray/MP5X3*,,,,
zigzag,Apple iPad Pro 12.9 M2 WiFi S.Grey/MNXP3RK/A,tablet,128GB,,"505,400",,Apple iPad Pro 12.9 M2 WiFi 128GB S.Grey/MNXP3RK/A,,,,
zigzag,Apple iPad Pro 12.9 M2 WiFi Silver/MNXQ3RK/A,tablet,128GB,,"505,400",,Apple iPad Pro 12.9 M2 WiFi 128GB Silver/MNXQ3RK/A,,,,
zigzag,Apple Studio Display XDR,monitor,,,"1,999,000",,Apple Studio Display XDR 2026 Tilt-Height adjustable /MFEL4*,,,,
zigzag,ASUS Vivobook S 15 (i9),laptop,,,"643,600",,"Asus Vivobook S 15.6"" i9-13900H 16/1 CAMO SILVER W11 /K5504VA-PB99-SL*",,,,
zigzag,Garmin CIRQA Smart Band,watch,,,"89,000",,Garmin CIRQA™ Smart Band  Mauve  S-M,,,,
zigzag,"Garmin CIRQA Smart Band, Black, S-M",watch,,,"89,000",,Garmin CIRQA™ Smart Band  Black  S-M,,,,
zigzag,Garmin Fenix 7 Pro Sapphire Solar,watch,,,"299,000",,Garmin Fenix 7 Pro Sapphire Solar Black,,,,
zigzag,Garmin Fenix 7X Pro – Sapphire Solar Edition,watch,,,"329,000",,Garmin Fenix 7X Pro – Sapphire Solar Edition,,,,
zigzag,"Garmin Fenix 8 Pro, AMOLED",watch,47mm / 51mm,,"434,130","468,930",Garmin Fenix 8 Pro – 47 mm  AMOLED | Garmin Fenix 8 Pro – 51 mm  AMOLED,,,,
zigzag,"Garmin Fenix 8, AMOLED",watch,47mm,,"348,000",,Garmin Fenix 8 – 47 mm  AMOLED Slate Gray | Garmin Fenix 8 – 47 mm  AMOLED Sapphire  Titanium with Vented titanium bracelet,,,,
zigzag,"Garmin Fenix 8, AMOLED Sapphire Carbon",watch,47mm,,"386,280",,Garmin Fenix 8 – 47 mm  AMOLED Sapphire Carbon Gray Titanium,,,,
zigzag,"Garmin Fenix 8, AMOLED Sapphire Spark",watch,47mm,,"386,280",,Garmin Fenix 8 – 47 mm  AMOLED Sapphire Spark Orange Titanium,,,,
zigzag,"Garmin Fenix 9 Pro, AMOLED, Carbon DLC",watch,47mm,,"489,000",,Garmin Fenix 9 Pro 47mm  AMOLED  Carbon Gray DLC Titanium,,,,
zigzag,"Garmin Fenix 9, Carbon DLC, Band",watch,51mm,,"489,000",,Garmin Fenix 9  51mm  Carbon DLC  Black Band,,,,
zigzag,Garmin Forerunner 170,watch,,,"129,000",,Garmin Forerunner 170 Black,,,,
zigzag,Garmin Forerunner 170 Music,watch,,,"159,000",,Garmin Forerunner 170 Music Black,,,,
zigzag,Garmin Forerunner 170 Music Whitestone,watch,,,"159,000",,Garmin Forerunner 170 Music Whitestone,,,,
zigzag,Garmin Forerunner 170 Whitestone,watch,,,"129,000",,Garmin Forerunner 170 Whitestone,,,,
zigzag,Garmin Forerunner 570,watch,,,"215,100",,Garmin Forerunner 570 Black,,,,
zigzag,Garmin Forerunner 70,watch,,,"109,000",,Garmin Forerunner 70 Black,,,,
zigzag,Garmin Forerunner 70 Citron,watch,,,"109,000",,Garmin Forerunner 70 Citron,,,,
zigzag,Garmin Forerunner 70 Whitestone,watch,,,"109,000",,Garmin Forerunner 70 Whitestone,,,,
zigzag,Garmin Forerunner 965 Black/Powder Grey,watch,,,"206,100",,Garmin Forerunner® 965 Black/Powder Grey,,,,
zigzag,Garmin Forerunner 970 Black,watch,,,"296,100",,Garmin Forerunner® 970 Black,,,,
zigzag,Garmin Instinct 2X Solar,watch,,,"169,150",,Garmin Instinct 2X Solar Graphite,,,,
zigzag,Garmin Instinct 2X Solar – Tactical Edition,watch,,,"166,440",,Garmin Instinct 2X Solar - Tactical Edition Coyote,,,,
zigzag,Garmin Instinct 2X Solar Moss,watch,,,"169,150",,Garmin Instinct 2X Solar Moss,,,,
zigzag,"Garmin Instinct 3, Solar",watch,45mm / 50mm,,"140,800","158,400",Garmin Instinct 3  50mm Solar | Garmin Instinct 3 – 45 mm  Solar,,,,
zigzag,Garmin Venu 3 leather,watch,,,"179,100",,Garmin Venu 3 Black leather,,,,
zigzag,Garmin Venu 3s French,watch,,,"189,000",,Garmin Venu 3s French grey,,,,
zigzag,"Garmin Venu X1, GPS",watch,,,"269,100",,Garmin Venu X1  GPS  Black,,,,
zigzag,"Garmin Venu X1, GPS, Moss",watch,,,"269,100",,Garmin Venu X1  GPS  Moss,,,,
zigzag,Garmin Vivoactive 5,watch,,,"121,500",,Garmin Vivoactive 5 Ivory,,,,
zigzag,Garmin vivoactive 6 Lunar Gold,watch,,,"144,000",,Garmin vivoactive® 6 Lunar Gold,,,,
zigzag,Google Pixel 10 Pro Fold /GU0NP,phone,512GB,,"919,000",,Google Pixel 10 Pro Fold 512GB Moonstone /GU0NP,,,,
zigzag,Honor MagicBook Pro 16,laptop,,,"559,900",,"Honor MagicBook Pro 16"" Ultra 5-125H 24/1 White W11H /5301AJJG",,,,
zigzag,Honor Watch 5,watch,,Green,"64,900",,Honor Watch 5 Green STL-B19 /5502ABGJ,,,,
zigzag,HP OmniBook 5 16 (Ultra 7),laptop,,,"499,000",,"HP OmniBook 5 16"" Ultra 7-255U 16/1 /BK9Y8EA",,,,
zigzag,Lenovo ThinkPad T16 G4,laptop,16GB,,"839,000",,"Lenovo ThinkPad T16 G4 16"" Ultra 7-255U 16GB/512GB /21QE0066FW",,,,
zigzag,Nothing 6974434224179,headphones,,,"157,000",,Nothing Headphone ( 1 ) White /6974434224179,,,,
zigzag,Nothing CMF Watch 3 Pro,watch,,Dark,"55,000",,Nothing CMF Watch 3 Pro Dark Grey /6974434225312,,,,
zigzag,Samsung Galaxy Watch 7 Ultra,watch,47mm,Gray,"229,900",,Samsung Galaxy Watch 7 Ultra 47mm Gray /SM-L705F,,,,
zigzag,Sony WF-1000XM5/BCE,earbuds,,,"147,900",,Sony WF-1000XM5/BCE,,,,
zigzag,Sony WF-1000XM5/SCE,earbuds,,,"147,900",,Sony WF-1000XM5/SCE,,,,
zigzag,Sony WF-C510/B,earbuds,,,"31,900",,Sony WF-C510/B,,,,
zigzag,Sony WF-C510/L,earbuds,,,"31,900",,Sony WF-C510/L,,,,
zigzag,Sony WF-C510/W,earbuds,,,"31,900",,Sony WF-C510/W,,,,
zigzag,Sony WF-C700N/GZ E,earbuds,,,"54,900",,Sony WF-C700N/GZ E,,,,
zigzag,Sony WF-C700N/WZ E,earbuds,,,"52,900",,Sony WF-C700N/WZ E,,,,
zigzag,Sony WH-G900N/WZ E,headphones,,,"151,900",,Sony WH-G900N/WZ E,,,,
